,REGION,COD_BNA,NOMBRE,ESTADO,ESTE_84,NORTE_84,COD_CUEN,COD_SUBC,COD_SSUBC,NOM_SSUBC,NOM_CUEN,NOM_SUBC,CINE_REG,COD_REG,NOM_REG,CINE_PROV,COD_PROV,NOM_PROV,CINE_COM,COD_COM,NOM_COM
0,6,06013001-9,RIO CLARO EN HACIENDA LAS NIEVES,Vigentes,343485,6181505,060,0601,06013,Rio Claro hasta Estero Tipaume,Rio Rapel,Cachapoal Bajo,06,6,Libertador General Bernardo O'Higgins,061,61,Cachapoal,06115,6115,Rengo
1,6,06013005-1,POPETA,Vigentes,336355,6187593,060,0601,06013,Rio Claro hasta Estero Tipaume,Rio Rapel,Cachapoal Bajo,06,6,Libertador General Bernardo O'Higgins,061,61,Cachapoal,06115,6115,Rengo
2,6,06013008-6,LAGUNA LOS CRISTALES,Vigentes,361491,6174592,060,0601,06013,Rio Claro hasta Estero Tipaume,Rio Rapel,Cachapoal Bajo,06,6,Libertador General Bernardo O'Higgins,061,61,Cachapoal,06115,6115,Rengo
3,6,06015003-6,RENGO,Vigentes,330355,6193990,060,0601,06013,Rio Claro hasta Estero Tipaume,Rio Rapel,Cachapoal Bajo,06,6,Libertador General Bernardo O'Higgins,061,61,Cachapoal,06115,6115,Rengo
4,6,06018010-5,MILLAHUE,Vigentes,297435,6177471,060,0601,06018,Estero Zamorano Entre Estero Rigolemu y Rio Cachapoal,Rio Rapel,Cachapoal Bajo,06,6,Libertador General Bernardo O'Higgins,061,61,Cachapoal,06117,6117,San Vicente
5,6,06016004-K,SAN FERNANDO,Vigentes,319619,6169572,060,0601,06016,Estero Zamorano hasta Estero Rigolemu,Rio Rapel,Cachapoal Bajo,06,6,Libertador General Bernardo O'Higgins,063,63,Colchagua,06301,6301,San Fernando
6,6,06023000-5,GLACIAR UNIVERSIDAD EN RIO SAN ANDRES,Vigentes,375542,6157136,060,0602,06023,Rio Azufre hasta Rio Portillo,Rio Rapel,Rio Tinguiririca Alto (Hasta bajo junta Rio Claro),06,6,Libertador General Bernardo O'Higgins,063,63,Colchagua,06301,6301,San Fernando
7,6,06028001-0,RIO TINGUIRIRICA BAJO LOS BRIONES,Vigentes,332766,6156687,060,0602,06028,Rio Tinguiririca Entre Rio Clarillo y Bajo Junta Rio Claro,Rio Rapel,Rio Tinguiririca Alto (Hasta bajo junta Rio Claro),06,6,Libertador General Bernardo O'Higgins,063,63,Colchagua,06301,6301,San Fernando
8,6,06027001-5,RIO CLARO EN EL VALLE,Vigentes,328126,6159512,060,0602,06027,Rio Claro,Rio Rapel,Rio Tinguiririca Alto (Hasta bajo junta Rio Claro),06,6,Libertador General Bernardo O'Higgins,063,63,Colchagua,06301,6301,San Fernando
9,6,06027003-1,LA RUFINA,Vigentes,339635,6154058,060,0602,06027,Rio Claro,Rio Rapel,Rio Tinguiririca Alto (Hasta bajo junta Rio Claro),06,6,Libertador General Bernardo O'Higgins,063,63,Colchagua,06301,6301,San Fernando
10,6,06020001-7,TERMAS DEL FLACO,Vigentes,378490,6138164,060,0602,06020,Rio Tinguiririca hasta bajo junta Rio Las Damas,Rio Rapel,Rio Tinguiririca Alto (Hasta bajo junta Rio Claro),06,6,Libertador General Bernardo O'Higgins,063,63,Colchagua,06301,6301,San Fernando
11,6,06132002-4,NILAHUE BARAHONA,Vigentes,246214,6170763,061,0613,06132,Estero Nilahue Entre Estero Lolol y Desembocadura,Costeras Rapel-E.Nilahue,Estero Nilahue,06,6,Libertador General Bernardo O'Higgins,063,63,Colchagua,06309,6309,Pumanque
12,6,06130001-5,EL MEMBRILLO,Vigentes,261027,6145067,061,0613,06130,Estero Nilahue Hasta Junta Estero Lolol,Costeras Rapel-E.Nilahue,Estero Nilahue,06,6,Libertador General Bernardo O'Higgins,063,63,Colchagua,06304,6304,Lolol
13,6,06130002-3,RANGUILI,Vigentes,248656,6138317,061,0613,06130,Estero Nilahue Hasta Junta Estero Lolol,Costeras Rapel-E.Nilahue,Estero Nilahue,06,6,Libertador General Bernardo O'Higgins,063,63,Colchagua,06304,6304,Lolol
14,7,07120002-7,LAGUNA DE TORCA,Vigentes,768632,6148753,070,0700,07000,Lago Vichuquen,Costeras entre limite Region y R.  Mataquito,Lago Vichuquen,07,7,Maule,073,73,Curicó,07309,7309,Vichuquén
15,7,07105002-5,PRUEBA GPRS5,Vigentes,300029,6139899,071,0710,07105,Estero Tilicura,Rio Mataquito,Rio Teno,07,7,Maule,073,73,Curicó,07308,7308,Teno
16,7,07106007-1,SANTA SUSANA,Vigentes,313859,6134558,071,0710,07106,Rio Teno Entre Estero Sin Nombre y Bajo Junta Estero Tilicura,Rio Mataquito,Rio Teno,07,7,Maule,073,73,Curicó,07308,7308,Teno
17,7,07104005-4,EL MANZANO,Vigentes,324893,6129356,071,0710,07104,Rio Teno Entre Rio Claro y Bajo Junta Estero Sin Nombre,Rio Mataquito,Rio Teno,07,7,Maule,073,73,Curicó,07308,7308,Teno
18,7,06130003-1,LA PALMA,Vigentes,263886,6129233,061,0613,06130,Estero Nilahue Hasta Junta Estero Lolol,Costeras Rapel-E.Nilahue,Estero Nilahue,07,7,Maule,073,73,Curicó,07302,7302,Hualañé
19,7,07104002-K,RIO TENO DESPUES DE JUNTA CON CLARO,Vigentes,333586,6125636,071,0710,07104,Rio Teno Entre Rio Claro y Bajo Junta Estero Sin Nombre,Rio Mataquito,Rio Teno,07,7,Maule,073,73,Curicó,07306,7306,Romeral
20,7,07103003-2,LOS QUEÑES,Vigentes,334570,6125466,071,0710,07103,Rio Claro,Rio Mataquito,Rio Teno,07,7,Maule,073,73,Curicó,07306,7306,Romeral
21,7,07100006-0,PASO VERGARA,Vigentes,362399,6104254,071,0710,07100,Rio Teno bajo junta Rio del Pellejo,Rio Mataquito,Rio Teno,07,7,Maule,073,73,Curicó,07306,7306,Romeral
22,7,07118003-4,CURICO,Vigentes,294628,6127411,071,0711,07118,Estero Guaiquillo,Rio Mataquito,Rio Lontue,07,7,Maule,073,73,Curicó,07301,7301,Curicó
23,7,07118004-2,PRUEBA GPRS4,Vigentes,296682,6127001,071,0711,07118,Estero Guaiquillo,Rio Mataquito,Rio Lontue,07,7,Maule,073,73,Curicó,07301,7301,Curicó
24,7,07116005-K,POTRERO GRANDE,Vigentes,308981,6104614,071,0711,07117,Rio Lontue Entre Junta Rios Colorado y Palos y Estero Guaiquillo,Rio Mataquito,Rio Lontue,07,7,Maule,073,73,Curicó,07301,7301,Curicó
25,7,07116004-1,MONTE OSCURO,Vigentes,319707,6111312,071,0711,07116,Estero Upeo,Rio Mataquito,Rio Lontue,07,7,Maule,073,73,Curicó,07301,7301,Curicó
26,7,07123001-5,RIO MATAQUITO EN LICANTEN,Vigentes,772956,6124623,071,0712,07123,Rio Mataquito Entre Estero La Pellana y Estero Curepto,Rio Mataquito,Rio Mataquito,07,7,Maule,073,73,Curicó,07303,7303,Licantén
27,7,07119007-2,LONTUE,Vigentes,291188,6119684,071,0711,07119,Rio Lontue Entre Estero Guaiquillo y Rio Teno,Rio Mataquito,Rio Lontue,07,7,Maule,073,73,Curicó,07307,7307,Sagrada Familia
28,7,07121003-0,VILLA PRAT,Vigentes,261910,6113265,071,0712,07121,Rio Mataquito Entre Estero Sin Nombre y Estero del Durazno,Rio Mataquito,Rio Mataquito,07,7,Maule,073,73,Curicó,07307,7307,Sagrada Familia
29,7,07200001-3,GUALLECO,Vigentes,228682,6095486,072,0720,07200,Rio Huenchullami,Costeras Mataquito-Maule,Rio Huenchullami,07,7,Maule,071,71,Talca,07103,7103,Curepto
30,7,07371002-2,AGUA FRIA,Vigentes,310425,6090907,073,0737,07371,Rio Claro Entre Estero Sin Nombre y Bajo Junta Estero Carreton,Rio Maule,Rio Claro,07,7,Maule,073,73,Curicó,07304,7304,Molina
31,7,07115001-1,RIO PALOS EN JUNTA CON COLORADO,Vigentes,316537,6094600,071,0711,07115,Rio Palos entre Estero Volcan y Rio Colorado,Rio Mataquito,Rio Lontue,07,7,Maule,073,73,Curicó,07304,7304,Molina
32,7,07370001-9,FUNDO EL RADAL,Vigentes,314423,6078590,073,0737,07370,Rio Claro Hasta Estero Sin Nombre,Rio Maule,Rio Claro,07,7,Maule,073,73,Curicó,07304,7304,Molina
33,7,07210001-8,PUTU,Vigentes,747282,6099299,072,0721,07210,Costeras entre Rio Huenchullami y Rio Maule,Costeras Mataquito-Maule,Costeras entre Rio Huenchullami y Rio maule,07,7,Maule,071,71,Talca,07102,7102,Constitución
34,7,07384002-3,CONSTITUCION,Vigentes,734250,6086024,073,0738,07384,Rio Maule Entre Estero Las Vegas y Desembocadura,Rio Maule,Maule Bajo,07,7,Maule,071,71,Talca,07102,7102,Constitución
35,7,07384003-1,PRUEBA GPRS7,Vigentes,734925,6087417,073,0738,07384,Rio Maule Entre Estero Las Vegas y Desembocadura,Rio Maule,Maule Bajo,07,7,Maule,071,71,Talca,07102,7102,Constitución
36,7,07383001-K,RIO MAULE EN FOREL,Vigentes,753310,6078143,073,0738,07383,Rio Maule Entre Quebrada Los Sapos y Bajo Junta Estero Las Vegas,Rio Maule,Maule Bajo,07,7,Maule,071,71,Talca,07102,7102,Constitución
37,7,07373003-1,EL GUINDO,Vigentes,288362,6095346,073,0737,07373,Estero El Pangue,Rio Maule,Rio Claro,07,7,Maule,071,71,Talca,07108,7108,Río Claro
38,7,07381003-5,PENCAHUE,Vigentes,242391,6081538,073,0738,07381,Estero Los Puercos Entre Bajo Rio Tutucura y Rio Maule,Rio Maule,Maule Bajo,07,7,Maule,071,71,Talca,07107,7107,Pencahue
39,7,07379002-6,RIO CLARO EN RAUQUEN,Vigentes,251934,6073477,073,0737,07379,Rio Claro Entre Estero Piduco y Rio Maule,Rio Maule,Rio Claro,07,7,Maule,071,71,Talca,07107,7107,Pencahue
40,7,07373004-K,SAN RAFAEL,Vigentes,270241,6089525,073,0737,07372,Rio Claro Entre Estero Carreton y Estero El Pangue,Rio Maule,Rio Claro,07,7,Maule,071,71,Talca,07110,7110,San Rafael
41,7,07378002-0,TALCA U.C.,Vigentes,262217,6075464,073,0737,07378,Estero Piduco,Rio Maule,Rio Claro,07,7,Maule,071,71,Talca,07101,7101,Talca
42,7,07378014-4,PRUEBA GPRS 6,Vigentes,260650,6078912,073,0737,07376,Rio Lircay Entre Estero Picazo y Rio Claro,Rio Maule,Rio Claro,07,7,Maule,071,71,Talca,07101,7101,Talca
43,7,07378003-9,COLORADO,Vigentes,295316,6053531,073,0737,07378,Estero Piduco,Rio Maule,Rio Claro,07,7,Maule,071,71,Talca,07109,7109,San Clemente
44,7,07374004-5,VILCHES ALTO,Vigentes,310775,6059071,073,0737,07374,Rio Lircay Hasta Estero Picazo,Rio Maule,Rio Claro,07,7,Maule,071,71,Talca,07109,7109,San Clemente
45,7,07374005-3,HUAPI,Vigentes,292211,6070637,073,0737,07374,Rio Lircay Hasta Estero Picazo,Rio Maule,Rio Claro,07,7,Maule,071,71,Talca,07109,7109,San Clemente
46,7,07376002-K,EL DURAZNO,Vigentes,289523,6069610,073,0737,07374,Rio Lircay Hasta Estero Picazo,Rio Maule,Rio Claro,07,7,Maule,071,71,Talca,07109,7109,San Clemente
47,7,07320002-4,ARMERILLO,Vigentes,311864,6046904,073,0732,07320,Rio Claro,Rio Maule,Maule Medio,07,7,Maule,071,71,Talca,07109,7109,San Clemente
48,7,07320003-2,RIO CLARO EN SAN CARLOS,Vigentes,313481,6047473,073,0732,07320,Rio Claro,Rio Maule,Maule Medio,07,7,Maule,071,71,Talca,07109,7109,San Clemente
49,7,07321002-K,RIO MAULE EN ARMERILLO,Vigentes,308442,6046528,073,0732,07321,Rio Maule entre Rio Melado y Muro Embalse Colbun,Rio Maule,Maule Medio,07,7,Maule,071,71,Talca,07109,7109,San Clemente
50,7,07306001-K,RIO CIPRESES EN DASAGUE LAGUNA LA INVERNADA,Vigentes,339360,6043816,073,0730,07306,Laguna Invernada y Rio Cipreses Hasta Junta Rio Maule,Rio Maule,Rio Maule Alto (Hasta antes junta Rio Melado),07,7,Maule,071,71,Talca,07109,7109,San Clemente
51,7,07303000-5,RIO MAULE EN LOS BAÑOS,Vigentes,340796,6034248,073,0730,07303,Rio Maule entre Rio Puelche y Rio Cipreses,Rio Maule,Rio Maule Alto (Hasta antes junta Rio Melado),07,7,Maule,071,71,Talca,07109,7109,San Clemente
52,7,07301000-4,LO AGUIRRE,Vigentes,358258,6018203,073,0730,07301,Rio Maule Entre Desague Laguna del Maule y Rio Puelche,Rio Maule,Rio Maule Alto (Hasta antes junta Rio Melado),07,7,Maule,071,71,Talca,07109,7109,San Clemente
53,7,07301001-2,LOS CONDORES,Vigentes,360507,6013863,073,0730,07301,Rio Maule Entre Desague Laguna del Maule y Rio Puelche,Rio Maule,Rio Maule Alto (Hasta antes junta Rio Melado),07,7,Maule,071,71,Talca,07109,7109,San Clemente
54,7,07341002-9,NIRIVILO,Vigentes,763565,6062794,073,0734,07341,Rio Purapel Hasta Bajo Junta Estero Nivirilo,Rio Maule,Perquilauquen Bajo,07,7,Maule,074,74,Linares,07406,7406,San Javier
55,7,07342002-4,HUERTA DEL MAULE,Vigentes,232863,6049156,073,0734,07342,Rio Purapel Entre Estero Nivirilo y Estero Llamico,Rio Maule,Perquilauquen Bajo,07,7,Maule,074,74,Linares,07406,7406,San Javier
56,7,07359001-9,RIO LONCOMILLA EN LAS BRISAS,Vigentes,249257,6054947,073,0735,07359,Rio Loncomilla entre Rio Putagan y Rio Maule,Rio Maule,Rio Loncomilla,07,7,Maule,074,74,Linares,07406,7406,San Javier
57,7,07359005-1,SAN JAVIER,Vigentes,257635,6058040,073,0735,07359,Rio Loncomilla entre Rio Putagan y Rio Maule,Rio Maule,Rio Loncomilla,07,7,Maule,074,74,Linares,07406,7406,San Javier
58,7,07358008-0,COLBUN (MAULE SUR),Vigentes,282631,6053750,073,0732,07322,Rio Maule Entre Muro Embalse Colbun y Rio Loncomilla,Rio Maule,Maule Medio,07,7,Maule,074,74,Linares,07402,7402,Colbún
59,7,07317005-2,RIO MELADO EN EL SALTO,Vigentes,318156,6025714,073,0731,07317,Rio Melado Entre Estero El Toro y Rio Maule,Rio Maule,Rio Melado,07,7,Maule,074,74,Linares,07402,7402,Colbún
60,7,07355006-8,HORNILLO,Vigentes,308910,6028621,073,0735,07355,Rio Ancoa,Rio Maule,Rio Loncomilla,07,7,Maule,074,74,Linares,07402,7402,Colbún
61,7,07340002-3,LA ESTRELLA,Vigentes,753932,6036471,074,0741,07410,Costeras entre Rio Reloca y Estero Empedrado,Costeras Maule y Limite Region,Rio Reloca,07,7,Maule,072,72,Cauquenes,07201,7201,Cauquenes
62,7,07337002-7,TUTUVEN EMBALSE,Vigentes,736458,6024380,073,0733,07337,Rio Tutuven,Rio Maule,Perquilauquen Alto,07,7,Maule,072,72,Cauquenes,07201,7201,Cauquenes
63,7,07335004-2,QUELLA,Vigentes,761996,6005822,073,0733,07335,Rio Perquilauquen Entre Estero Sin Nombre y Antes Junta Rio Cauquenes,Rio Maule,Perquilauquen Alto,07,7,Maule,072,72,Cauquenes,07201,7201,Cauquenes
64,7,07336003-K,EL ALAMO,Vigentes,732184,6000437,073,0733,07336,Rio Cauquenes hasta junta Rio Tutuven,Rio Maule,Perquilauquen Alto,07,7,Maule,072,72,Cauquenes,07201,7201,Cauquenes
65,8,08142001-7,MANGARRAL,Vigentes,738813,5986680,081,0814,08142,Rio Lonquen Hasta Estero Itrinque,Rio Itata,Itata Bajo,07,7,Maule,072,72,Cauquenes,07201,7201,Cauquenes
66,7,07358007-2,LINARES,Vigentes,264576,6030083,073,0735,07358,Rio Putagan,Rio Maule,Rio Loncomilla,07,7,Maule,074,74,Linares,07401,7401,Linares
67,7,07357003-4,MELOZAL,Vigentes,249970,6036290,073,0735,07356,Rio Achibueno entre Rio Ancoa y Rio Loncomilla,Rio Maule,Rio Loncomilla,07,7,Maule,074,74,Linares,07401,7401,Linares
68,7,07355002-5,RIO ANCOA EN EL MORRO,Vigentes,292742,6023788,073,0735,07355,Rio Ancoa,Rio Maule,Rio Loncomilla,07,7,Maule,074,74,Linares,07401,7401,Linares
69,7,07355007-6,ANCOA EMBALSE,Vigentes,292833,6023529,073,0735,07355,Rio Ancoa,Rio Maule,Rio Loncomilla,07,7,Maule,074,74,Linares,07401,7401,Linares
70,7,07353001-6,JUAN AMIGO,Vigentes,284659,6004592,073,0735,07354,Rio Achibueno Entre Estero de Pejerreyes y Rio Ancoa,Rio Maule,Rio Loncomilla,07,7,Maule,074,74,Linares,07401,7401,Linares
71,7,07352002-9,LA SEXTA DE LONGAVI,Vigentes,264571,6000382,073,0735,07351,Rio Longavi Entre Rio Bullileo y Rio Loncomilla (excepto Rio Liguay),Rio Maule,Rio Loncomilla,07,7,Maule,074,74,Linares,07403,7403,Longaví
72,7,07352003-7,LIGUAY,Vigentes,257425,6018541,073,0735,07352,Rio Liguay,Rio Maule,Rio Loncomilla,07,7,Maule,074,74,Linares,07403,7403,Longaví
73,7,07350001-K,RIO LONGAVI EN LA QUIRIQUINA,Vigentes,279169,5987809,073,0735,07350,Rio Longavi bajo junta Rio Bullileo,Rio Maule,Rio Loncomilla,07,7,Maule,074,74,Linares,07403,7403,Longaví
74,7,07340003-1,LOS HUINGANES EN CURIPEUMO,Vigentes,231124,6010253,073,0733,07335,Rio Perquilauquen Entre Estero Sin Nombre y Antes Junta Rio Cauquenes,Rio Maule,Perquilauquen Alto,07,7,Maule,074,74,Linares,07405,7405,Retiro
75,7,07345001-2,PARRAL,Vigentes,245632,5990901,073,0733,07332,Rio Perquilauquen entre Rio Cato y Rio Niquen,Rio Maule,Perquilauquen Alto,07,7,Maule,074,74,Linares,07404,7404,Parral
76,7,07350006-0,BULLILEO EMBALSE,Vigentes,283005,5981271,073,0735,07350,Rio Longavi bajo junta Rio Bullileo,Rio Maule,Rio Loncomilla,07,7,Maule,074,74,Linares,07404,7404,Parral
77,7,07350007-9,BULLILEO EMBALSE (Lago),Vigentes,283743,5980396,073,0735,07350,Rio Longavi bajo junta Rio Bullileo,Rio Maule,Rio Loncomilla,07,7,Maule,074,74,Linares,07404,7404,Parral
78,7,07331002-4,DIGUA EMBALSE,Vigentes,271043,5984556,073,0733,07331,Rio Cato,Rio Maule,Perquilauquen Alto,07,7,Maule,074,74,Linares,07404,7404,Parral
79,7,07332003-8,SAN MANUEL EN PERQUILAUQUEN,Vigentes,265975,5970720,073,0733,07330,Rio Perquilauquen hasta junta Rio Cato,Rio Maule,Perquilauquen Alto,07,7,Maule,074,74,Linares,07404,7404,Parral
80,8,08118003-2,MILLAUQUEN,Vigentes,765728,5976687,081,0811,08118,Rio Changaral,Rio Itata,Ñuble Bajo,16,16,Ñuble,163,163,Punilla,16301,16301,San Carlos
81,8,08118004-0,SAN AGUSTIN DE PUÑUAL,Vigentes,733807,5973556,081,0814,08142,Rio Lonquen Hasta Estero Itrinque,Rio Itata,Itata Bajo,16,16,Ñuble,162,162,Itata,16204,16204,Ninhue
82,7,07330001-0,RIO PERQUILAUQUEN EN SAN MANUEL,Vigentes,264592,5971068,073,0733,07330,Rio Perquilauquen hasta junta Rio Cato,Rio Maule,Perquilauquen Alto,16,16,Ñuble,163,163,Punilla,16304,16304,San Fabián
83,8,08106002-9,RIO ÑUBLE EN SAN FABIAN N 2,Vigentes,274060,5948117,081,0810,08106,Rio ¥uble Entre Estero Bullileo y Bajo Junta Estero Pangue,Rio Itata,Ñuble Alto,16,16,Ñuble,163,163,Punilla,16304,16304,San Fabián
84,8,08106003-7,SAN FABIAN,Vigentes,274127,5948354,081,0810,08106,Rio ¥uble Entre Estero Bullileo y Bajo Junta Estero Pangue,Rio Itata,Ñuble Alto,16,16,Ñuble,163,163,Punilla,16304,16304,San Fabián
85,8,08105004-K,CARACOL,Vigentes,285909,5941184,081,0810,08105,Rio ¥uble Entre Rio Los Sauces y Bajo Estero Bullileo,Rio Itata,Ñuble Alto,16,16,Ñuble,163,163,Punilla,16304,16304,San Fabián
86,8,08105005-8,CAMAN,Vigentes,294611,5938943,081,0810,08105,Rio ¥uble Entre Rio Los Sauces y Bajo Estero Bullileo,Rio Itata,Ñuble Alto,16,16,Ñuble,163,163,Punilla,16304,16304,San Fabián
87,8,08141001-1,RIO ITATA EN COELEMU,Vigentes,706738,5961803,081,0814,08141,Rio Itata Entre Estero Chudal y Rio Lonquen,Rio Itata,Itata Bajo,16,16,Ñuble,162,162,Itata,16207,16207,Treguaco
88,8,08141002-K,COELEMU,Vigentes,707052,5960945,081,0814,08141,Rio Itata Entre Estero Chudal y Rio Lonquen,Rio Itata,Itata Bajo,16,16,Ñuble,162,162,Itata,16207,16207,Treguaco
89,8,08140005-9,PORTEZUELO,Vigentes,730319,5954628,081,0814,08140,Rio Itata Entre Rio ¥uble Bajo Estero Chudal,Rio Itata,Itata Bajo,16,16,Ñuble,162,162,Itata,16205,16205,Portezuelo
90,8,08140001-6,RAFAEL,Vigentes,692309,5943295,082,0821,08210,Costeras entre Rio Pingueral y Rio Andalien,Costeras e Islas entre Rio Itata y Rio Bio-Bio,Costeras entre Rio Pingueral Y Rio Andalien,08,8,Biobío,081,81,Concepción,08111,8111,Tomé
91,8,08210002-4,DICHATO,Vigentes,685186,5953539,082,0821,08210,Costeras entre Rio Pingueral y Rio Andalien,Costeras e Islas entre Rio Itata y Rio Bio-Bio,Costeras entre Rio Pingueral Y Rio Andalien,08,8,Biobío,081,81,Concepción,08111,8111,Tomé
92,8,08210003-2,ESTERO BELLAVISTA EN TOMÉ,Vigentes,683322,5943150,082,0821,08210,Costeras entre Rio Pingueral y Rio Andalien,Costeras e Islas entre Rio Itata y Rio Bio-Bio,Costeras entre Rio Pingueral Y Rio Andalien,08,8,Biobío,081,81,Concepción,08111,8111,Tomé
93,8,08113001-9,COIHUECO EMBALSE,Vigentes,249755,5941311,081,0811,08113,Rio Cato entre arriba Rio Niblinta y bajo junta E.Coihueco,Rio Itata,Ñuble Bajo,16,16,Ñuble,163,163,Punilla,16302,16302,Coihueco
94,8,08117002-9,CHILLAN VIEJO,Vigentes,756906,5942096,081,0811,08117,Rio Chillan Entre Estero Peladillas y Rio ¥uble,Rio Itata,Ñuble Bajo,16,16,Ñuble,161,161,Diguillín,16103,16103,Chillán Viejo
95,8,08117009-6,CANAL DE LA LUZ EN CHILLAN,Vigentes,759383,5945942,081,0811,08117,Rio Chillan Entre Estero Peladillas y Rio ¥uble,Rio Itata,Ñuble Bajo,16,16,Ñuble,161,161,Diguillín,16101,16101,Chillán
96,8,08135003-5,NUEVA ALDEA,Vigentes,727358,5940372,081,0813,08135,Rio Itata entre Estero Coyanco y Rio ¥uble,Rio Itata,Itata Medio,16,16,Ñuble,162,162,Itata,16206,16206,Ránquil
97,8,08117006-1,RIO CHILLAN EN ESPERANZA N 2,Vigentes,262605,5923995,081,0811,08116,Rio Chillan Hasta Bajo Junta Estero Peladillas,Rio Itata,Ñuble Bajo,16,16,Ñuble,161,161,Diguillín,16106,16106,Pinto
98,8,08130002-K,RIO DIGUILLIN EN SAN LORENZO (ATACALCO),Vigentes,270575,5910410,081,0813,08130,Rio Renegado,Rio Itata,Itata Medio,16,16,Ñuble,161,161,Diguillín,16106,16106,Pinto
99,8,08130003-8,FUNDO ATACALCO,Vigentes,270101,5911186,081,0813,08130,Rio Renegado,Rio Itata,Itata Medio,16,16,Ñuble,161,161,Diguillín,16106,16106,Pinto
100,8,08130004-6,LAS TRANCAS,Vigentes,279123,5912152,081,0813,08130,Rio Renegado,Rio Itata,Itata Medio,16,16,Ñuble,161,161,Diguillín,16106,16106,Pinto
101,8,08130006-2,DIGUILLIN,Vigentes,264466,5916228,081,0813,08130,Rio Renegado,Rio Itata,Itata Medio,16,16,Ñuble,161,161,Diguillín,16106,16106,Pinto
102,8,08135004-3,CANCHA LOS LITRES,Vigentes,716207,5934809,081,0813,08135,Rio Itata entre Estero Coyanco y Rio ¥uble,Rio Itata,Itata Medio,16,16,Ñuble,161,161,Diguillín,16107,16107,Quillón
103,8,08133003-4,CHILLANCITO,Vigentes,729962,5928397,081,0813,08133,Rio Itata entre Rio Diguillin y Estero Coyanco,Rio Itata,Itata Medio,16,16,Ñuble,161,161,Diguillín,16107,16107,Quillón
104,8,08700001-K,CURANILAHUE,Vigentes,647496,5850012,087,0870,08700,Rio Descabezado hasta junta Rio Curanilahue,Rio Lebu,Rio Curanilahue,08,8,Biobío,082,82,Arauco,08205,8205,Curanilahue
105,8,08700002-8,RIO CURANILAHUE EN CURANILAHUE,Vigentes,647022,5850498,087,0870,08700,Rio Descabezado hasta junta Rio Curanilahue,Rio Lebu,Rio Curanilahue,08,8,Biobío,082,82,Arauco,08205,8205,Curanilahue
106,8,08700003-6,ESTERO PLEGARIAS ANTES DE JTA RIO CURANILAHUE,Vigentes,646395,5849724,087,0870,08700,Rio Descabezado hasta junta Rio Curanilahue,Rio Lebu,Rio Curanilahue,08,8,Biobío,082,82,Arauco,08205,8205,Curanilahue
107,8,08316001-2,QUILLAILEO,Vigentes,260613,5829434,083,0831,08316,Rio Huequecura,Rio Bio-Bio,Rio Bio-Bio entre Rio Ranquil y Rio Duqueco,08,8,Biobío,083,83,Bío-Bío,08311,8311,Santa Bárbara
108,8,08316002-0,RIO HUEQUECURA AGUAS ARRIBA DE EMBALSE ANGOSTURA,Vigentes,255966,5823362,083,0831,08316,Rio Huequecura,Rio Bio-Bio,Rio Bio-Bio entre Rio Ranquil y Rio Duqueco,08,8,Biobío,083,83,Bío-Bío,08311,8311,Santa Bárbara
109,8,08317001-8,RIO BIOBIO EN RUCALHUE,Vigentes,244156,5822433,083,0831,08317,Rio Bio-Bio entre Rio Queuco y Rio Lirquen,Rio Bio-Bio,Rio Bio-Bio entre Rio Ranquil y Rio Duqueco,08,8,Biobío,083,83,Bío-Bío,08311,8311,Santa Bárbara
110,8,08317004-2,RIO BIOBIO EN LA CULEBRA,Vigentes,262370,5813424,083,0831,08317,Rio Bio-Bio entre Rio Queuco y Rio Lirquen,Rio Bio-Bio,Rio Bio-Bio entre Rio Ranquil y Rio Duqueco,08,8,Biobío,083,83,Bío-Bío,08311,8311,Santa Bárbara
111,8,08314000-3,RIO QUEUCO EN PUENTE NITRAO,Vigentes,298081,5825372,083,0831,08314,Rio Queuco hasta bajo junta Rio Niremetun,Rio Bio-Bio,Rio Bio-Bio entre Rio Ranquil y Rio Duqueco,08,8,Biobío,083,83,Bío-Bío,08314,8314,Alto Biobío
112,8,08313002-4,EMBALSE PANGUE,Vigentes,271816,5800064,083,0831,08313,Rio Bio-Bio entre Rio Butaco y Rio Queuco,Rio Bio-Bio,Rio Bio-Bio entre Rio Ranquil y Rio Duqueco,08,8,Biobío,083,83,Bío-Bío,08314,8314,Alto Biobío
113,8,08308000-0,RIO LOMIN EN PUENTE LA JUNTA,Vigentes,293891,5784248,083,0830,08308,Rio Lamin,Rio Bio-Bio,Rio Bio-Bio Alto (Hasta despues junta Rio Lamin),08,8,Biobío,083,83,Bío-Bío,08314,8314,Alto Biobío
114,8,08312002-9,EMBALSE RALCO,Vigentes,286370,5785050,083,0831,08312,Rio Bio-Bio Entre Rio Ranquil y Bajo Junta Rio Butaco,Rio Bio-Bio,Rio Bio-Bio entre Rio Ranquil y Rio Duqueco,08,8,Biobío,083,83,Bío-Bío,08314,8314,Alto Biobío
115,8,08334001-0,RIO BIOBIO EN COIHUE,Vigentes,712955,5840299,083,0833,08334,"Rio Bio-Bio Entre Rio Duqueco, Rio Mulchen y Rio Vergara",Rio Bio-Bio,Rio Bio-Bio entre Rio Duqueco y Rio Vergara,08,8,Biobío,083,83,Bío-Bío,08307,8307,Negrete
116,8,08319001-9,RIO BIOBIO EN LONGITUDINAL,Vigentes,740265,5834877,083,0831,08319,Rio Bio-Bio Entre Estero Pile (Calbuco) y Rio Duqueco,Rio Bio-Bio,Rio Bio-Bio entre Rio Ranquil y Rio Duqueco,08,8,Biobío,083,83,Bío-Bío,08305,8305,Mulchén
117,8,08358004-6,POCO A POCO,Vigentes,237314,5803280,083,0833,08332,Rio Bureo entre Rio Pichibureo y Rio Mulchen,Rio Bio-Bio,Rio Bio-Bio entre Rio Duqueco y Rio Vergara,08,8,Biobío,083,83,Bío-Bío,08305,8305,Mulchén
118,8,08332002-8,MULCHEN,Vigentes,742949,5822269,083,0833,08332,Rio Bureo entre Rio Pichibureo y Rio Mulchen,Rio Bio-Bio,Rio Bio-Bio entre Rio Duqueco y Rio Vergara,08,8,Biobío,083,83,Bío-Bío,08305,8305,Mulchén
119,8,08330002-7,PILGUEN,Vigentes,744688,5809343,083,0833,08330,Rio Mulchen hasta junta Rio Bureo,Rio Bio-Bio,Rio Bio-Bio entre Rio Duqueco y Rio Vergara,08,8,Biobío,083,83,Bío-Bío,08305,8305,Mulchén
120,9,08358002-K,ANGOL (LA MONA),Vigentes,708084,5816049,083,0835,08358,Rio Malleco entre Rio Rahue y Rio Renaico,Rio Bio-Bio,Rios Malleco y Vergara,09,9,La Araucanía,092,92,Malleco,09201,9201,Angol
121,9,08358005-4,PARQUE NAHUELBUTA,Vigentes,679490,5811837,083,0835,08357,Rio Ricoiquen,Rio Bio-Bio,Rios Malleco y Vergara,09,9,La Araucanía,092,92,Malleco,09201,9201,Angol
122,8,08318002-1,QUILACO,Vigentes,763964,5824882,083,0831,08318,Rio Bio-Bio Entre Rio Lirquen y Bajo Estero Pile (Calbuco),Rio Bio-Bio,Rio Bio-Bio entre Rio Ranquil y Rio Duqueco,08,8,Biobío,083,83,Bío-Bío,08308,8308,Quilaco
123,8,08317003-4,CERRO EL PADRE,Vigentes,247564,5814765,083,0831,08317,Rio Bio-Bio entre Rio Queuco y Rio Lirquen,Rio Bio-Bio,Rio Bio-Bio entre Rio Ranquil y Rio Duqueco,08,8,Biobío,083,83,Bío-Bío,08308,8308,Quilaco
124,8,08317005-0,RIO BIOBIO EN PUENTE PIULO,Vigentes,251104,5822686,083,0831,08317,Rio Bio-Bio entre Rio Queuco y Rio Lirquen,Rio Bio-Bio,Rio Bio-Bio entre Rio Ranquil y Rio Duqueco,08,8,Biobío,083,83,Bío-Bío,08308,8308,Quilaco
125,8,08317006-9,CENTRAL ANGOSTURA EMBALSE,Vigentes,251671,5822286,083,0831,08317,Rio Bio-Bio entre Rio Queuco y Rio Lirquen,Rio Bio-Bio,Rio Bio-Bio entre Rio Ranquil y Rio Duqueco,08,8,Biobío,083,83,Bío-Bío,08308,8308,Quilaco
126,8,08821005-0,CAÑETE,Vigentes,641629,5815423,088,0882,08821,"Rio Leiva (Caicupil , Butamalal)",Costeras Lebu-Paicavi,Rio Paicavi,08,8,Biobío,082,82,Arauco,08203,8203,Cañete
127,8,08821006-9,RIO LEIVA EN PUENTE CAMINO A CONTULMO,Vigentes,641512,5813725,088,0882,08821,"Rio Leiva (Caicupil , Butamalal)",Costeras Lebu-Paicavi,Rio Paicavi,08,8,Biobío,082,82,Arauco,08203,8203,Cañete
128,9,09101001-1,RIO PUREN EN TRANAMAN,Vigentes,673833,5788197,091,0910,09101,Rio Puren,Rio Imperial,Rio Lumaco,09,9,La Araucanía,092,92,Malleco,09208,9208,Purén
129,9,09101003-8,TRANAMAN,Vigentes,674981,5789933,091,0910,09101,Rio Puren,Rio Imperial,Rio Lumaco,09,9,La Araucanía,092,92,Malleco,09208,9208,Purén
130,9,08353001-4,ERCILLA (VIDA NUEVA),Vigentes,722863,5786170,083,0835,08353,Rio Huequen,Rio Bio-Bio,Rios Malleco y Vergara,09,9,La Araucanía,092,92,Malleco,09204,9204,Ercilla
131,9,09105002-1,TRAIGUEN,Vigentes,705308,5763168,091,0910,09105,Rio Traiguen Entre Estero Quilapan y Rio Quino,Rio Imperial,Rio Lumaco,09,9,La Araucanía,092,92,Malleco,09210,9210,Traiguén
132,9,09102003-3,LUMACO,Vigentes,683790,5773967,091,0910,09102,Rio Lumaco entre Rio Puren y Rio Pichilumaco,Rio Imperial,Rio Lumaco,09,9,La Araucanía,092,92,Malleco,09207,9207,Lumaco
133,9,09104003-4,LAS MERCEDES (VICTORIA),Vigentes,742508,5763242,091,0910,09107,Rio Quino Entre Estero Pua y Rio Traiguen,Rio Imperial,Rio Lumaco,09,9,La Araucanía,092,92,Malleco,09211,9211,Victoria
134,8,08930000-2,TIRUA,Vigentes,631737,5754866,089,0893,08930,Rio Tirua,Costeras e Islas entre R.Paicavi y Limite Region,Rio Tirua,08,8,Biobío,082,82,Arauco,08207,8207,Tirúa
135,9,08350002-6,LAGUNA MALLECO,Vigentes,253888,5766571,083,0835,08350,Rio Malleco hasta bajo junta Rio Niblinto,Rio Bio-Bio,Rios Malleco y Vergara,09,9,La Araucanía,092,92,Malleco,09203,9203,Curacautín
136,9,09122001-6,CURACAUTIN,Vigentes,247258,5740563,091,0912,09122,Rio Cautin Entre Estero Collico y Bajo Junta Rio Blanco,Rio Imperial,Cautin Alto (hasta antes junta R. Quepe),09,9,La Araucanía,092,92,Malleco,09203,9203,Curacautín
137,9,09123001-1,RIO CAUTIN EN RARI-RUCA,Vigentes,760965,5742237,091,0912,09123,Rio Cautin Entre Rio Blanco y Estero Guacolda,Rio Imperial,Cautin Alto (hasta antes junta R. Quepe),09,9,La Araucanía,092,92,Malleco,09203,9203,Curacautín
138,9,09123002-K,RARI-RUCA,Vigentes,760947,5742801,091,0912,09123,Rio Cautin Entre Rio Blanco y Estero Guacolda,Rio Imperial,Cautin Alto (hasta antes junta R. Quepe),09,9,La Araucanía,092,92,Malleco,09203,9203,Curacautín
139,9,09120003-1,MALALCAHUELLO,Vigentes,275698,5738799,091,0912,09120,Rio Cautin Bajo Junta Estero Lefuco,Rio Imperial,Cautin Alto (hasta antes junta R. Quepe),09,9,La Araucanía,092,92,Malleco,09203,9203,Curacautín
140,9,09113003-3,GALVARINO,Vigentes,693503,5746346,091,0911,09113,Rio Quillen Entre Estero Perquenco y Rio Chol Chol,Rio Imperial,R.  Chol Chol,09,9,La Araucanía,091,91,Cautín,09106,9106,Galvarino
141,9,09112000-3,PERQUENCO,Vigentes,728966,5744488,091,0911,09112,Estero Perquenco,Rio Imperial,R.  Chol Chol,09,9,La Araucanía,091,91,Cautín,09113,9113,Perquenco
142,9,09111002-4,QUILLEN,Vigentes,728005,5739450,091,0911,09111,Rio Quillen Entre Puente Perquenco y Estero Perquenco,Rio Imperial,R.  Chol Chol,09,9,La Araucanía,091,91,Cautín,09113,9113,Perquenco
143,9,09124001-7,LAUTARO,Vigentes,722862,5732790,091,0912,09124,Rio Cautin Entre Arriba Junta Estero Guacolda y Rio Muco,Rio Imperial,Cautin Alto (hasta antes junta R. Quepe),09,9,La Araucanía,091,91,Cautín,09108,9108,Lautaro
144,9,09116001-3,RIO CHOLCHOL EN CHOLCHOL,Vigentes,687429,5724558,091,0911,09116,Rio Chol Chol entre Rio Quillen y Rio Renaco,Rio Imperial,R.  Chol Chol,09,9,La Araucanía,091,91,Cautín,09121,9121,Cholchol
145,9,09140001-4,RIO CAUTIN EN ALMAGRO,Vigentes,677810,5705709,091,0914,09140,Rio Cautin entre Rio Quepe y Rio Chol Chol,Rio Imperial,Rio Cautin entre Rio Quepe y Rio Chol-Chol,09,9,La Araucanía,091,91,Cautín,09111,9111,Nueva Imperial
146,9,09130001-K,CHERQUENCO,Vigentes,760775,5714193,091,0913,09130,Rio Quepe bajo Rio Calbuco,Rio Imperial,Rio Quepe,09,9,La Araucanía,091,91,Cautín,09119,9119,Vilcún
147,9,09131002-3,VILCUN,Vigentes,741760,5715756,091,0913,09131,Rio Quepe Entre Rio Calbuco y Bajo Estero Hunaco,Rio Imperial,Rio Quepe,09,9,La Araucanía,091,91,Cautín,09119,9119,Vilcún
148,9,09129002-2,RIO CAUTIN EN CAJON,Vigentes,717215,5715037,091,0912,09129,Rio Cautin Entre Estero Pumalal y Rio Quepe,Rio Imperial,Cautin Alto (hasta antes junta R. Quepe),09,9,La Araucanía,091,91,Cautín,09119,9119,Vilcún
149,9,09129005-7,PUEBLO NUEVO (TEMUCO),Vigentes,712497,5712269,091,0912,09129,Rio Cautin Entre Estero Pumalal y Rio Quepe,Rio Imperial,Cautin Alto (hasta antes junta R. Quepe),09,9,La Araucanía,091,91,Cautín,09101,9101,Temuco
150,9,09129006-5,TEMUCO CENTRO,Vigentes,709476,5709035,091,0912,09129,Rio Cautin Entre Estero Pumalal y Rio Quepe,Rio Imperial,Cautin Alto (hasta antes junta R. Quepe),09,9,La Araucanía,091,91,Cautín,09101,9101,Temuco
151,9,09402001-8,RIO ALLIPEN EN MELIPEUCO,Vigentes,262817,5694618,094,0940,09402,Rio Allipen entre Tres Juntas y bajo Rio Llaima,Rio Tolten,Rio Allipen,09,9,La Araucanía,091,91,Cautín,09110,9110,Melipeuco
152,9,09400000-9,RIO TRUFUL EN CAMINO INTERNACIONAL,Vigentes,269505,5696689,094,0940,09401,Rio Zahuelhue y Rio Guallerrupe,Rio Tolten,Rio Allipen,09,9,La Araucanía,091,91,Cautín,09110,9110,Melipeuco
153,9,09401001-2,TRICAUCO,Vigentes,278578,5697440,094,0940,09401,Rio Zahuelhue y Rio Guallerrupe,Rio Tolten,Rio Allipen,09,9,La Araucanía,091,91,Cautín,09110,9110,Melipeuco
154,9,09403001-3,CUNCO,Vigentes,758713,5686784,094,0940,09403,Rio Allipen Entre Rio Llaima y Bajo Estero Cunco,Rio Tolten,Rio Allipen,09,9,La Araucanía,091,91,Cautín,09103,9103,Cunco
155,9,09404002-7,LOS LAURELES,Vigentes,755934,5679385,094,0940,09404,Rio Allipen Entre Estero Cunco y Rio Curaco,Rio Tolten,Rio Allipen,09,9,La Araucanía,091,91,Cautín,09103,9103,Cunco
156,9,09405001-4,RIO CURACO EN COLICO,Vigentes,743911,5672662,094,0940,09405,Rio Curaco,Rio Tolten,Rio Allipen,09,9,La Araucanía,091,91,Cautín,09103,9103,Cunco
157,9,09153001-5,PUERTO SAAVEDRA,Vigentes,639311,5704956,091,0915,09153,Rio Imperial entre Rio Las Damas y desembocadura,Rio Imperial,Rio Imperial,09,9,La Araucanía,091,91,Cautín,09116,9116,Saavedra
158,9,09135003-3,FREIRE SENDOS,Vigentes,707217,5684979,094,0943,09430,Rio Tolten entre Rio Allipen y Rio Donguil,Rio Tolten,Tolten Bajo,09,9,La Araucanía,091,91,Cautín,09105,9105,Freire
159,9,09423001-2,RIO TOLTEN EN COIPUE,Vigentes,726052,5668430,094,0942,09423,Rio Tolten entre Rio Pedregoso y Rio Allipen,Rio Tolten,Lago Villarica y Tolten Alto,09,9,La Araucanía,091,91,Cautín,09105,9105,Freire
160,9,09433003-3,QUITRATUE,Vigentes,702476,5663510,094,0943,09433,Estero Quitratrue (Puyehue),Rio Tolten,Tolten Bajo,09,9,La Araucanía,091,91,Cautín,09107,9107,Gorbea
161,9,09420004-0,CHANLELFU,Vigentes,725827,5628335,101,1013,10130,Rio Cruces (San Jose) Bajo Estero Niguen,Rio Valdivia,Rio Cruces,09,9,La Araucanía,091,91,Cautín,09109,9109,Loncoche
162,9,10130001-3,LONCOCHE,Vigentes,705236,5639239,101,1013,10130,Rio Cruces (San Jose) Bajo Estero Niguen,Rio Valdivia,Rio Cruces,09,9,La Araucanía,091,91,Cautín,09109,9109,Loncoche
163,8,08124005-1,MAYULERMO,Vigentes,241822,5921305,081,0813,08134,Rio Larqui,Rio Itata,Itata Medio,16,16,Ñuble,161,161,Diguillín,16108,16108,San Ignacio
164,8,08394011-5,FARO PUNTA HUALPEN,Vigentes,661748,5931911,083,0839,08394,Rio Bio-Bio Entre Estero Hualqui y Desembocadura,Rio Bio-Bio,Rio Bio-Bio Bajo,08,8,Biobío,081,81,Concepción,08112,8112,Hualpén
165,8,08220005-3,LAS PATAGUAS,Vigentes,688053,5926081,082,0822,08220,Rio Andalien,Costeras e Islas entre Rio Itata y Rio Bio-Bio,Rio Andalien,08,8,Biobío,081,81,Concepción,08101,8101,Concepción
166,8,08220006-1,ANDALIEN,Vigentes,683839,5923886,082,0822,08220,Rio Andalien,Costeras e Islas entre Rio Itata y Rio Bio-Bio,Rio Andalien,08,8,Biobío,081,81,Concepción,08101,8101,Concepción
167,8,08220008-8,ESTERO NONGUEN FRENTE U. DEL BIO BIO,Vigentes,676919,5923237,082,0822,08220,Rio Andalien,Costeras e Islas entre Rio Itata y Rio Bio-Bio,Rio Andalien,08,8,Biobío,081,81,Concepción,08101,8101,Concepción
168,8,08394001-8,RIO BIOBIO EN DESEMBOCADURA,Vigentes,672852,5921362,083,0839,08394,Rio Bio-Bio Entre Estero Hualqui y Desembocadura,Rio Bio-Bio,Rio Bio-Bio Bajo,08,8,Biobío,081,81,Concepción,08101,8101,Concepción
169,8,08410001-3,CONCEPCION DGA.,Vigentes,669387,5921946,083,0839,08394,Rio Bio-Bio Entre Estero Hualqui y Desembocadura,Rio Bio-Bio,Rio Bio-Bio Bajo,08,8,Biobío,081,81,Concepción,08108,8108,San Pedro de la Paz
170,8,08132002-0,PEMUCO,Vigentes,758382,5903544,081,0813,08132,Rio Dinguillin Entre Estero Danguileo y Rio Itata,Rio Itata,Itata Medio,16,16,Ñuble,161,161,Diguillín,16105,16105,Pemuco
171,8,08393002-0,ESTERO HUALQUI EN DESEMBOCADURA,Vigentes,683220,5905083,083,0839,08393,Rio Bio-Bio Entre Estero Quilacoya y Bajo Estero Hualqui,Rio Bio-Bio,Rio Bio-Bio Bajo,08,8,Biobío,081,81,Concepción,08105,8105,Hualqui
172,8,08123004-8,CHOLGUAN,Vigentes,760416,5884014,081,0812,08123,Rio Itata Entre Rio Huepil y Bajo Estero Chillancito,Rio Itata,Rio Itata Alto (Hasta Rio Diguillin),16,16,Ñuble,161,161,Diguillín,16109,16109,Yungay
173,8,08124004-3,LAS CRUCES,Vigentes,254304,5889208,081,0812,08121,Estero Cholguan Entre Estero Villagran y Rio Huepil,Rio Itata,Rio Itata Alto (Hasta Rio Diguillin),16,16,Ñuble,161,161,Diguillín,16109,16109,Yungay
174,8,08372002-6,RIO POLCURA EN CUATRO JUNTA,Vigentes,300556,5890518,083,0837,08372,Rio Polcura Hasta Bajo Rio Vallecito (Cuatro Juntas),Rio Bio-Bio,Rio Laja Alto (hasta bajo junta Rio Rucue),08,8,Biobío,083,83,Bío-Bío,08302,8302,Antuco
175,8,08122003-4,TUCAPEL,Vigentes,238349,5868509,083,0838,08380,Rio Laja Entre Rio Rucue y Estero Alcapan,Rio Bio-Bio,Laja Bajo,08,8,Biobío,083,83,Bío-Bío,08312,8312,Tucapel
176,8,08122002-6,TRUPAN,Vigentes,249682,5870301,081,0812,08122,Rio Huepil,Rio Itata,Rio Itata Alto (Hasta Rio Diguillin),08,8,Biobío,083,83,Bío-Bío,08312,8312,Tucapel
177,8,08381003-3,RIO LAJA AG.ARR. DEL SALTO (REC.R.LAJA),Vigentes,737112,5878166,083,0838,08381,Rio Laja Entre Arriba Estero Alcapan y Rio Caliboro,Rio Bio-Bio,Laja Bajo,08,8,Biobío,083,83,Bío-Bío,08301,8301,Los Ángeles
178,8,08366002-3,ESTERO QUILQUE EN LOS ANGELES,Vigentes,736403,5851178,083,0836,08366,Rio Guaqui entre Rio Raninco y Rio Bio-Bio,Rio Bio-Bio,Rio Bio-Bio entre Rio Vergara y Rio Laja,08,8,Biobío,083,83,Bío-Bío,08301,8301,Los Ángeles
179,8,08364001-4,LAS ACHIRAS,Vigentes,733204,5859695,083,0836,08365,Rio Raninco,Rio Bio-Bio,Rio Bio-Bio entre Rio Vergara y Rio Laja,08,8,Biobío,083,83,Bío-Bío,08301,8301,Los Ángeles
180,8,08324002-4,ESTERO PAILLIHUE EN EX LONGITUDINAL SUR,Vigentes,736371,5848947,083,0832,08324,Rio Duqueco entre bajo Rio Coreo y Rio Bio-Bio,Rio Bio-Bio,Rio Duqueco,08,8,Biobío,083,83,Bío-Bío,08301,8301,Los Ángeles
181,8,08334002-9,LOS ANGELES,Vigentes,729097,5846266,083,0832,08324,Rio Duqueco entre bajo Rio Coreo y Rio Bio-Bio,Rio Bio-Bio,Rio Duqueco,08,8,Biobío,083,83,Bío-Bío,08301,8301,Los Ángeles
182,8,08319002-7,SAN CARLOS DE PUREN,Vigentes,740383,5835726,083,0831,08319,Rio Bio-Bio Entre Estero Pile (Calbuco) y Rio Duqueco,Rio Bio-Bio,Rio Bio-Bio entre Rio Ranquil y Rio Duqueco,08,8,Biobío,083,83,Bío-Bío,08301,8301,Los Ángeles
183,8,08323001-0,RIO DUQUECO EN CERRILLOS,Vigentes,737475,5841562,083,0831,08319,Rio Bio-Bio Entre Estero Pile (Calbuco) y Rio Duqueco,Rio Bio-Bio,Rio Bio-Bio entre Rio Ranquil y Rio Duqueco,08,8,Biobío,083,83,Bío-Bío,08301,8301,Los Ángeles
184,8,08320001-4,SAN LORENZO EN BIO-BIO,Vigentes,255359,5845172,083,0832,08321,Rio Duqueco Entre Estero Paulin y Bajo Estero Ca¤icura,Rio Bio-Bio,Rio Duqueco,08,8,Biobío,083,83,Bío-Bío,08309,8309,Quilleco
185,8,08367001-0,LAJA,Vigentes,702462,5871932,083,0836,08367,Rio Bio-Bio entre Rio Guaqui y Rio Laja,Rio Bio-Bio,Rio Bio-Bio entre Rio Vergara y Rio Laja,08,8,Biobío,083,83,Bío-Bío,08304,8304,Laja
186,13,05530005-4,ALGARROBO,Vigentes,256066,6296960,055,0553,05530,Estero del Rosario (Incl.) a Rio Maipo,Costeras entre Aconcagua y Maipo,E. del Rosario (Incl.) a R. Maipo,05,5,Valparaíso,056,56,San Antonio,05605,5605,El Tabo
187,13,05730013-2,ANTUPIREN,Vigentes,359149,6292612,057,0573,05730,Rio Mapocho Entre Estero de Las Rosas y Estero Lampa y Bajo Zanjon de la Aguada,Rio Maipo,Mapocho Bajo,13,13,Metropolitana de Santiago,131,131,Santiago,13122,13122,Peñalolén
188,13,05737008-4,FUNDO MARRUECOS,Vigentes,330811,6285653,057,0573,05737,Rio Mapocho entre Zanjon de la Aguada y Rio Maipo,Rio Maipo,Mapocho Bajo,13,13,Metropolitana de Santiago,136,136,Talagante,13604,13604,Padre Hurtado
189,13,05745001-0,MALLARAUCO,Vigentes,304935,6283364,057,0574,05745,Estero Puangue Entre Estero Amestica y Bajo Junta Estero de los Mayos,Rio Maipo,Rio Maipo Bajo (Entre Rio Mapocho y Desembocadura),13,13,Metropolitana de Santiago,135,135,Melipilla,13501,13501,Melipilla
190,13,05746001-6,ESTERO PUANGUE EN RUTA 78,Vigentes,283302,6272931,057,0574,05746,Estero Puangue Entre Estero de Los Mayos y Rio Maipo,Rio Maipo,Rio Maipo Bajo (Entre Rio Mapocho y Desembocadura),13,13,Metropolitana de Santiago,135,135,Melipilla,13501,13501,Melipilla
191,13,05740004-8,CARMEN DE LAS ROSAS,Vigentes,300173,6262366,057,0574,05740,Rio Maipo Entre Rio Mapocho y Estero Puangue,Rio Maipo,Rio Maipo Bajo (Entre Rio Mapocho y Desembocadura),13,13,Metropolitana de Santiago,135,135,Melipilla,13501,13501,Melipilla
192,13,05740005-6,MELIPILLA,Vigentes,296069,6271128,057,0574,05740,Rio Maipo Entre Rio Mapocho y Estero Puangue,Rio Maipo,Rio Maipo Bajo (Entre Rio Mapocho y Desembocadura),13,13,Metropolitana de Santiago,135,135,Melipilla,13501,13501,Melipilla
193,13,05747001-1,LOS GUINDOS,Vigentes,293453,6247706,057,0574,05747,Rio Maipo entre Estero Puangue y bajo junta Estero Popeta,Rio Maipo,Rio Maipo Bajo (Entre Rio Mapocho y Desembocadura),13,13,Metropolitana de Santiago,135,135,Melipilla,13501,13501,Melipilla
194,13,05530002-K,SAN ANTONIO (PTA. PANUL),Vigentes,256347,6281911,057,0574,05748,Rio Maipo Entre Estero Popeta y Desembocadura,Rio Maipo,Rio Maipo Bajo (Entre Rio Mapocho y Desembocadura),05,5,Valparaíso,056,56,San Antonio,05601,5601,San Antonio
195,13,05748001-7,RIO MAIPO EN CABIMBAO,Vigentes,265651,6260738,057,0574,05748,Rio Maipo Entre Estero Popeta y Desembocadura,Rio Maipo,Rio Maipo Bajo (Entre Rio Mapocho y Desembocadura),05,5,Valparaíso,056,56,San Antonio,05601,5601,San Antonio
196,13,05748003-3,CERRILLOS DE LEYDA,Vigentes,267151,6275551,057,0574,05748,Rio Maipo Entre Estero Popeta y Desembocadura,Rio Maipo,Rio Maipo Bajo (Entre Rio Mapocho y Desembocadura),05,5,Valparaíso,056,56,San Antonio,05601,5601,San Antonio
197,13,05744003-1,IBACACHE ALTO,Vigentes,288017,6293109,057,0574,05744,Estero Puangue Entre Estero Sin Nombre y Bajo Junta Estero Amestica,Rio Maipo,Rio Maipo Bajo (Entre Rio Mapocho y Desembocadura),13,13,Metropolitana de Santiago,135,135,Melipilla,13504,13504,María Pinto
198,13,05730008-6,QUEBRADA RAMON EN RECINTO EMOS,Vigentes,359226,6299663,057,0573,05730,Rio Mapocho Entre Estero de Las Rosas y Estero Lampa y Bajo Zanjon de la Aguada,Rio Maipo,Mapocho Bajo,13,13,Metropolitana de Santiago,131,131,Santiago,13114,13114,Las Condes
199,13,05730012-4,CERRO CALAN,Vigentes,357078,6303869,057,0573,05730,Rio Mapocho Entre Estero de Las Rosas y Estero Lampa y Bajo Zanjon de la Aguada,Rio Maipo,Mapocho Bajo,13,13,Metropolitana de Santiago,131,131,Santiago,13114,13114,Las Condes
200,1,01000005-K,VISVIRI,Vigentes,449416,8054572,010,0100,01000,"Rios Uchusuma, Colpas, Putani y Cosapilla",Altiplanicas,Entre Limite Peru-Bolivia y Rio Lauca,15,15,Arica y Parinacota,152,152,Parinacota,15202,15202,General Lagos
201,1,01200002-2,VILLA INDUSTRIAL (TACORA),Vigentes,423234,8034895,012,0120,01200,Rio Lluta bajo Rio Azufre,Rio Lluta,Rio Lluta Alto,15,15,Arica y Parinacota,152,152,Parinacota,15202,15202,General Lagos
202,1,01200003-0,HUMAPALCA,Vigentes,425418,8027904,012,0120,01200,Rio Lluta bajo Rio Azufre,Rio Lluta,Rio Lluta Alto,15,15,Arica y Parinacota,152,152,Parinacota,15202,15202,General Lagos
203,1,01201005-2,RIO CARACARANI EN HUMAPALCA,Vigentes,425138,8027538,012,0120,01200,Rio Lluta bajo Rio Azufre,Rio Lluta,Rio Lluta Alto,15,15,Arica y Parinacota,152,152,Parinacota,15202,15202,General Lagos
204,1,01201003-6,RIO LLUTA EN ALCERRECA,Vigentes,433023,8009292,012,0120,01201,Rio Lluta entre Rio Azufre y bajo Quebrada Huaylas,Rio Lluta,Rio Lluta Alto,15,15,Arica y Parinacota,152,152,Parinacota,15202,15202,General Lagos
205,1,01201010-9,ALCERRECA,Vigentes,430067,8010722,012,0120,01201,Rio Lluta entre Rio Azufre y bajo Quebrada Huaylas,Rio Lluta,Rio Lluta Alto,15,15,Arica y Parinacota,152,152,Parinacota,15202,15202,General Lagos
206,1,01201011-7,METEOROLOGICA DE COLPITAS,Vigentes,452082,8014925,012,0120,01201,Rio Lluta entre Rio Azufre y bajo Quebrada Huaylas,Rio Lluta,Rio Lluta Alto,15,15,Arica y Parinacota,152,152,Parinacota,15202,15202,General Lagos
207,1,01202012-0,PUTRE (DCP),Vigentes,440879,7988163,012,0120,01202,Rio Lluta entre Quebrada Huaylas y Quebrada de Socoroma,Rio Lluta,Rio Lluta Alto,15,15,Arica y Parinacota,152,152,Parinacota,15201,15201,Putre
208,1,01202013-9,QUEBRADA SOCOROMA,Vigentes,435895,7981378,012,0120,01202,Rio Lluta entre Quebrada Huaylas y Quebrada de Socoroma,Rio Lluta,Rio Lluta Alto,15,15,Arica y Parinacota,152,152,Parinacota,15201,15201,Putre
209,1,01001005-5,CAQUENA,Vigentes,478657,8003813,010,0100,01001,Rio Caquena hasta frontera (Rio Cosapilla),Altiplanicas,Entre Limite Peru-Bolivia y Rio Lauca,15,15,Arica y Parinacota,152,152,Parinacota,15201,15201,Putre
210,1,01020002-4,RIO DESAGUADERO COTACOTANI,Vigentes,472778,7988713,010,0102,01020,Rio Lauca antes Rio Guallatire,Altiplanicas,Rio Lauca,15,15,Arica y Parinacota,152,152,Parinacota,15201,15201,Putre
211,1,01020014-8,COTACOTANI,Vigentes,474243,7988679,010,0102,01020,Rio Lauca antes Rio Guallatire,Altiplanicas,Rio Lauca,15,15,Arica y Parinacota,152,152,Parinacota,15201,15201,Putre
212,1,01020017-2,PARINACOTA EX ENDESA,Vigentes,471615,7987222,010,0102,01020,Rio Lauca antes Rio Guallatire,Altiplanicas,Rio Lauca,15,15,Arica y Parinacota,152,152,Parinacota,15201,15201,Putre
213,1,01010007-0,CHUNGARA RETEN,Vigentes,485395,7978695,010,0101,01010,Lago Chungara,Altiplanicas,Lago Chungara,15,15,Arica y Parinacota,152,152,Parinacota,15201,15201,Putre
214,1,01010010-0,CHUNGARA AJATA,Vigentes,480626,7983770,010,0101,01010,Lago Chungara,Altiplanicas,Lago Chungara,15,15,Arica y Parinacota,152,152,Parinacota,15201,15201,Putre
215,1,01021002-K,RIO GUALLATIRE EN GUALLATIRE,Vigentes,484016,7954867,010,0102,01021,Rio Lauca entre antes Rio Guallatire y la frontera,Altiplanicas,Rio Lauca,15,15,Arica y Parinacota,152,152,Parinacota,15201,15201,Putre
216,1,01021007-0,GUALLATIRE,Vigentes,483736,7954769,010,0102,01021,Rio Lauca entre antes Rio Guallatire y la frontera,Altiplanicas,Rio Lauca,15,15,Arica y Parinacota,152,152,Parinacota,15201,15201,Putre
217,1,01300006-9,CENTRAL CHAPIQUIÑA,Vigentes,442121,7968569,013,0130,01300,"Rio Seco, Quebrada Chusmiza y Rio Tignamar",Rio San Jose,Azapa Alto,15,15,Arica y Parinacota,152,152,Parinacota,15201,15201,Putre
218,1,01300007-7,BELEN,Vigentes,445416,7957986,013,0130,01300,"Rio Seco, Quebrada Chusmiza y Rio Tignamar",Rio San Jose,Azapa Alto,15,15,Arica y Parinacota,152,152,Parinacota,15201,15201,Putre
219,1,01300008-5,TIGNAMAR,Vigentes,447864,7945454,013,0130,01300,"Rio Seco, Quebrada Chusmiza y Rio Tignamar",Rio San Jose,Azapa Alto,15,15,Arica y Parinacota,152,152,Parinacota,15201,15201,Putre
220,1,01300009-3,RIO TICNAMAR EN ANGOSTURA,Vigentes,440319,7952869,013,0130,01300,"Rio Seco, Quebrada Chusmiza y Rio Tignamar",Rio San Jose,Azapa Alto,15,15,Arica y Parinacota,152,152,Parinacota,15201,15201,Putre
221,1,01030003-7,CHILCAYA,Vigentes,491077,7921963,010,0103,01030,Salar de Surire,Altiplanicas,Salar de Surire,15,15,Arica y Parinacota,152,152,Parinacota,15201,15201,Putre
222,1,01410012-1,CODPA,Vigentes,421621,7917556,014,0141,01410,Quebrada Vitor,Costeras R. San Jose-Q.Camarones,Quebrada Vitor,15,15,Arica y Parinacota,151,151,Arica,15102,15102,Camarones
223,1,01502007-5,ESQUIÑA,Vigentes,444221,7906029,015,0150,01502,"Rio Camarones entre E.  Veco, R. Caritaya y Q. de Chiza",Q. Rio Camarones,Rio Camarones Antes Junta Quebrada de Chiza,15,15,Arica y Parinacota,151,151,Arica,15102,15102,Camarones
224,1,01502008-3,RIO CAMARONES EN CHILPE,Vigentes,434783,7905397,015,0150,01502,"Rio Camarones entre E.  Veco, R. Caritaya y Q. de Chiza",Q. Rio Camarones,Rio Camarones Antes Junta Quebrada de Chiza,15,15,Arica y Parinacota,151,151,Arica,15102,15102,Camarones
225,1,01502009-1,METEOROLOGICA DE CAMARONES,Vigentes,409950,7898066,015,0150,01502,"Rio Camarones entre E.  Veco, R. Caritaya y Q. de Chiza",Q. Rio Camarones,Rio Camarones Antes Junta Quebrada de Chiza,15,15,Arica y Parinacota,151,151,Arica,15102,15102,Camarones
226,1,01610004-8,Q. CAMIÑA 3 KM. A. ARRIBA DE TARCAVIRE,Vigentes,474443,7886163,016,0161,01610,Quebradas de Camiña y Tilviches,Costeras R.Camarones-Pampa del Tamarugal,Quebrada de Camiña,01,1,Tarapacá,014,14,Tamarugal,01403,1403,Colchane
227,1,01041003-7,COLCHANE (T. ISLUGA),Vigentes,538022,7868563,010,0104,01041,Quebrada Manque,Altiplanicas,Entre Estero Sencata y Rio Sacaya,01,1,Tarapacá,014,14,Tamarugal,01403,1403,Colchane
228,1,01041004-5,ENQUELCA (EX CARAGUANO),Vigentes,520551,7873933,010,0104,01041,Quebrada Manque,Altiplanicas,Entre Estero Sencata y Rio Sacaya,01,1,Tarapacá,014,14,Tamarugal,01403,1403,Colchane
229,1,01042002-4,HUAYTANI,Vigentes,541556,7838936,010,0104,01042,Rio de Cariquina,Altiplanicas,Entre Estero Sencata y Rio Sacaya,01,1,Tarapacá,014,14,Tamarugal,01403,1403,Colchane
230,1,01020016-4,CHUCUYO RETEN,Vigentes,466018,7885610,015,0151,01510,Quebrada de Chiza,Q. Rio Camarones,Quebrada de Chiza,01,1,Tarapacá,014,14,Tamarugal,01402,1402,Camiña
231,1,01611001-9,CAMIÑA,Vigentes,455106,7864520,016,0161,01611,Quebrada Camiña Baja entre cota 2000 y bajo quebrada Tilihuiche,Costeras R.Camarones-Pampa del Tamarugal,Quebrada de Camiña,01,1,Tarapacá,014,14,Tamarugal,01402,1402,Camiña
232,1,01720006-2,CHIAPA,Vigentes,478480,7839717,017,0172,01720,Quebrada de Aroma,Pampa del Tamarugal,Quebrada de Aroma,01,1,Tarapacá,014,14,Tamarugal,01404,1404,Huara
233,1,01730007-5,Q. TARAPACA EN SIBAYA,Vigentes,484996,7812505,017,0173,01730,"Quebradas de Paca, del Infiernillo, de Tarapaca, de Linga",Pampa del Tamarugal,Quebrada de Tarapaca,01,1,Tarapacá,014,14,Tamarugal,01404,1404,Huara
234,1,01730017-2,POROMA,Vigentes,480913,7802725,017,0173,01730,"Quebradas de Paca, del Infiernillo, de Tarapaca, de Linga",Pampa del Tamarugal,Quebrada de Tarapaca,01,1,Tarapacá,014,14,Tamarugal,01404,1404,Huara
235,1,01730019-9,MOCHA,Vigentes,470807,7809016,017,0173,01730,"Quebradas de Paca, del Infiernillo, de Tarapaca, de Linga",Pampa del Tamarugal,Quebrada de Tarapaca,01,1,Tarapacá,014,14,Tamarugal,01404,1404,Huara
236,1,01730020-2,CHUZMIZA,Vigentes,480633,7823293,017,0173,01730,"Quebradas de Paca, del Infiernillo, de Tarapaca, de Linga",Pampa del Tamarugal,Quebrada de Tarapaca,01,1,Tarapacá,014,14,Tamarugal,01404,1404,Huara
237,2,02000001-5,OLLAGUE,Vigentes,577251,7652885,020,0200,02000,Salar de Ollague,Fronterizas Salar Michincha-R.Loa,Salar De Ollague,02,2,Antofagasta,022,22,El Loa,02202,2202,Ollagüe
238,2,02020002-2,ASCOTAN,Vigentes,574916,7597414,020,0202,02020,Salar de Ascotan,Fronterizas Salar Michincha-R.Loa,Salar De Ascotan,02,2,Antofagasta,022,22,El Loa,02202,2202,Ollagüe
239,2,02101001-4,RIO LOA ANTES REPRESA LEQUENA,Vigentes,534963,7605223,021,0210,02101,Rio Loa Entre Estero Chela y Bajo Junta Quebrada de Hachas,Rio Loa,Rio Loa Alto (bajo junta Rio Salado),02,2,Antofagasta,022,22,El Loa,02201,2201,Calama
240,2,02101003-0,LEQUENA,Vigentes,534930,7604914,021,0210,02101,Rio Loa Entre Estero Chela y Bajo Junta Quebrada de Hachas,Rio Loa,Rio Loa Alto (bajo junta Rio Salado),02,2,Antofagasta,022,22,El Loa,02201,2201,Calama
241,2,02102005-2,QUINCHAMALE,Vigentes,541476,7577188,021,0210,02102,Rio Loa entre Quebrada de Hachas y Rio San Pedro,Rio Loa,Rio Loa Alto (bajo junta Rio Salado),02,2,Antofagasta,022,22,El Loa,02201,2201,Calama
242,2,02103008-2,PARSHALL N 2,Vigentes,549596,7573130,021,0210,02103,Rio San Pedro,Rio Loa,Rio Loa Alto (bajo junta Rio Salado),02,2,Antofagasta,022,22,El Loa,02201,2201,Calama
243,2,02103009-0,OJOS SAN PEDRO,Vigentes,568222,7568368,021,0210,02103,Rio San Pedro,Rio Loa,Rio Loa Alto (bajo junta Rio Salado),02,2,Antofagasta,022,22,El Loa,02201,2201,Calama
244,2,02103010-4,INACALIRI,Vigentes,596380,7563858,021,0210,02103,Rio San Pedro,Rio Loa,Rio Loa Alto (bajo junta Rio Salado),02,2,Antofagasta,022,22,El Loa,02201,2201,Calama
245,2,02103012-0,SILALA,Vigentes,599877,7564957,021,0210,02103,Rio San Pedro,Rio Loa,Rio Loa Alto (bajo junta Rio Salado),02,2,Antofagasta,022,22,El Loa,02201,2201,Calama
246,2,02103014-7,RIO SILOLI ANTES B.T. FCAB,Vigentes,600230,7565333,021,0210,02103,Rio San Pedro,Rio Loa,Rio Loa Alto (bajo junta Rio Salado),02,2,Antofagasta,022,22,El Loa,02201,2201,Calama
247,2,02105036-9,MIRADOR SILALA,Vigentes,604450,7560768,021,0210,02103,Rio San Pedro,Rio Loa,Rio Loa Alto (bajo junta Rio Salado),02,2,Antofagasta,022,22,El Loa,02201,2201,Calama
248,2,02105037-7,HITO SILALA,Vigentes,599220,7563355,021,0210,02103,Rio San Pedro,Rio Loa,Rio Loa Alto (bajo junta Rio Salado),02,2,Antofagasta,022,22,El Loa,02201,2201,Calama
249,2,02104002-9,RIO LOA EN SALIDA EMBALSE CONCHI,Vigentes,539097,7564038,021,0210,02104,Rio Loa entre Rio San Pedro y Rio Salado,Rio Loa,Rio Loa Alto (bajo junta Rio Salado),02,2,Antofagasta,022,22,El Loa,02201,2201,Calama
250,2,02104007-K,CONCHI VIEJO,Vigentes,528307,7572257,021,0210,02104,Rio Loa entre Rio San Pedro y Rio Salado,Rio Loa,Rio Loa Alto (bajo junta Rio Salado),02,2,Antofagasta,022,22,El Loa,02201,2201,Calama
251,2,02104008-8,CONCHI EMBALSE,Vigentes,538799,7564139,021,0210,02104,Rio Loa entre Rio San Pedro y Rio Salado,Rio Loa,Rio Loa Alto (bajo junta Rio Salado),02,2,Antofagasta,022,22,El Loa,02201,2201,Calama
252,2,02104010-K,CHIU-CHIU,Vigentes,536239,7528894,021,0210,02104,Rio Loa entre Rio San Pedro y Rio Salado,Rio Loa,Rio Loa Alto (bajo junta Rio Salado),02,2,Antofagasta,022,22,El Loa,02201,2201,Calama
253,2,02105001-6,RIO SALADO A. J. CURTI,Vigentes,578008,7536087,021,0210,02105,Rio Salado,Rio Loa,Rio Loa Alto (bajo junta Rio Salado),02,2,Antofagasta,022,22,El Loa,02201,2201,Calama
254,2,02105002-4,RIO SALADO EN SIFON AYQUINA,Vigentes,567491,7535007,021,0210,02105,Rio Salado,Rio Loa,Rio Loa Alto (bajo junta Rio Salado),02,2,Antofagasta,022,22,El Loa,02201,2201,Calama
255,2,02105014-8,CUPO,Vigentes,570481,7554308,021,0210,02105,Rio Salado,Rio Loa,Rio Loa Alto (bajo junta Rio Salado),02,2,Antofagasta,022,22,El Loa,02201,2201,Calama
256,2,02105016-4,LINZOR,Vigentes,600703,7541412,021,0210,02105,Rio Salado,Rio Loa,Rio Loa Alto (bajo junta Rio Salado),02,2,Antofagasta,022,22,El Loa,02201,2201,Calama
257,2,02105017-2,TOCONCE,Vigentes,585894,7537639,021,0210,02105,Rio Salado,Rio Loa,Rio Loa Alto (bajo junta Rio Salado),02,2,Antofagasta,022,22,El Loa,02201,2201,Calama
258,2,02105018-0,AYQUINA,Vigentes,569640,7536478,021,0210,02105,Rio Salado,Rio Loa,Rio Loa Alto (bajo junta Rio Salado),02,2,Antofagasta,022,22,El Loa,02201,2201,Calama
259,2,02105020-2,SALADO EMBALSE,Vigentes,582062,7535392,021,0210,02105,Rio Salado,Rio Loa,Rio Loa Alto (bajo junta Rio Salado),02,2,Antofagasta,022,22,El Loa,02201,2201,Calama
260,2,02105022-9,EL TATIO,Vigentes,601295,7527990,021,0210,02105,Rio Salado,Rio Loa,Rio Loa Alto (bajo junta Rio Salado),02,2,Antofagasta,022,22,El Loa,02201,2201,Calama
261,2,02110013-7,CALAMA,Vigentes,509639,7517059,021,0211,02110,Rio Loa entre Rio Salado y Rio San Salvador,Rio Loa,Loa Medio (entre R.  Salado y Q. de Barrera),02,2,Antofagasta,022,22,El Loa,02201,2201,Calama
262,2,02112008-1,QUILLAGUA,Vigentes,444573,7605241,021,0211,02112,Rio Loa entre Rio San Salvador y Quebrada Amarga,Rio Loa,Loa Medio (entre R.  Salado y Q. de Barrera),02,2,Antofagasta,023,23,Tocopilla,02302,2302,María Elena
263,2,02510006-9,SAN PEDRO DE ATACAMA,Vigentes,581987,7466178,025,0251,02510,Rio San Pedro,Salar de Atacama,Rio San Pedro,02,2,Antofagasta,022,22,El Loa,02203,2203,San Pedro de Atacama
264,2,02510007-7,RIO GRANDE,Vigentes,585548,7494766,025,0251,02510,Rio San Pedro,Salar de Atacama,Rio San Pedro,02,2,Antofagasta,022,22,El Loa,02203,2203,San Pedro de Atacama
265,2,02500016-1,TOCONAO EXPERIMENTAL,Vigentes,602573,7435183,025,0250,02500,Salar de Atacama,Salar de Atacama,Salar de Atacama,02,2,Antofagasta,022,22,El Loa,02203,2203,San Pedro de Atacama
266,2,02500017-K,CAMAR,Vigentes,606057,7410866,025,0250,02500,Salar de Atacama,Salar de Atacama,Salar de Atacama,02,2,Antofagasta,022,22,El Loa,02203,2203,San Pedro de Atacama
267,2,02500019-6,SOCAIRE,Vigentes,613092,7390963,025,0250,02500,Salar de Atacama,Salar de Atacama,Salar de Atacama,02,2,Antofagasta,022,22,El Loa,02203,2203,San Pedro de Atacama
268,2,02500020-K,PEINE,Vigentes,595137,7380682,025,0250,02500,Salar de Atacama,Salar de Atacama,Salar de Atacama,02,2,Antofagasta,022,22,El Loa,02203,2203,San Pedro de Atacama
269,2,02500021-8,TALABRE,Vigentes,613530,7421080,025,0250,02500,Salar de Atacama,Salar de Atacama,Salar de Atacama,02,2,Antofagasta,022,22,El Loa,02203,2203,San Pedro de Atacama
270,2,02500025-0,TOCONAO QUEBRADA 1,Vigentes,621742,7432239,025,0250,02500,Salar de Atacama,Salar de Atacama,Salar de Atacama,02,2,Antofagasta,022,22,El Loa,02203,2203,San Pedro de Atacama
271,2,02500026-9,TOCONAO QUEBRADA 4,Vigentes,612782,7439076,025,0250,02500,Salar de Atacama,Salar de Atacama,Salar de Atacama,02,2,Antofagasta,022,22,El Loa,02203,2203,San Pedro de Atacama
272,2,02500027-7,TOCONAO PUEBLO,Vigentes,601953,7435956,025,0250,02500,Salar de Atacama,Salar de Atacama,Salar de Atacama,02,2,Antofagasta,022,22,El Loa,02203,2203,San Pedro de Atacama
273,2,02300000-8,PASO JAMA,Vigentes,633173,7464499,023,0230,02300,Cajon,Fronterizas Salares Atacama-Socompa,Cajon,02,2,Antofagasta,022,22,El Loa,02203,2203,San Pedro de Atacama
274,2,02450000-4,PASO SICO,Vigentes,658907,7364608,024,0245,02450,Laguna Tuyajto Chico y Salar de Laco,Endorreica entre Fronterizas y Salar Atacama,Laguna Tuyajto Chico y Salar de Laco,02,2,Antofagasta,022,22,El Loa,02203,2203,San Pedro de Atacama
275,2,02700001-0,SIERRA GORDA,Vigentes,467047,7468532,027,0270,02700,Quebrada Caracoles bajo junta Quebrada El Buitre,Quebrada Caracoles,Quebrada Caracoles bajo junta Quebrada El Buitre,02,2,Antofagasta,021,21,Antofagasta,02103,2103,Sierra Gorda
276,2,02710002-3,BAQUEDANO,Vigentes,414538,7419580,027,0271,02710,Quebrada Caracoles Entre Quebrada El Buitre y Salar del Carmen,Quebrada Caracoles,Q. Caracoles entre Quebrada El Buitre y  Salar del Carmen,02,2,Antofagasta,021,21,Antofagasta,02103,2103,Sierra Gorda
277,3,03003000-1,CERROS AGUAS BRAVAS,Vigentes,537298,7179841,030,0300,03000,Salar de Gorbea,Endorreicas entre Frontera y Vertiente del Pacifico,Cuencas al N. del Salar de Pedernales,03,3,Atacama,032,32,Chañaral,03202,3202,Diego de Almagro
278,3,03210001-5,LAS VEGAS,Vigentes,433610,7048899,032,0321,03210,Quebrada del Chañaral Alto hasta Bajo Junta Quebrada del Salto,Rio Salado,Quebrada Del Chanaral,03,3,Atacama,032,32,Chañaral,03202,3202,Diego de Almagro
279,3,03441001-1,PASTOS GRANDES,Vigentes,444079,7000752,034,0344,03441,Quebrada Paipote en Junta Quebrada San Andres,Rio Copiapo,Quebrada Paipote,03,3,Atacama,031,31,Copiapó,03101,3101,Copiapó
280,3,03450004-5,COPIAPO,Vigentes,365995,6974013,034,0345,03450,Rio Copiapo Entre Quebrada Paipote y Bajo Junta Quebrada La Brea,Rio Copiapo,R.  Copiapo Bajo,03,3,Atacama,031,31,Copiapó,03101,3101,Copiapó
281,3,03604001-7,EL TOTORAL,Vigentes,306985,6912196,036,0360,03604,Quebrada Totoral Entre Quebrada Boquerones y Desembocadura,Q.Totoral y Costeras hasta Q.Carrizal,Quebrada Totoral,03,3,Atacama,031,31,Copiapó,03101,3101,Copiapó
282,3,03431001-7,RIO COPIAPO EN LA PUERTA,Vigentes,388860,6923599,034,0343,03431,Rio Copiapo Entre Quebrada Barrancas Blancas y Quebrada Carrizalillo,Rio Copiapo,R.  Copiapo Medio,03,3,Atacama,031,31,Copiapó,03103,3103,Tierra Amarilla
283,3,03431004-1,ELIBOR CAMPAMENTO,Vigentes,381452,6935071,034,0343,03431,Rio Copiapo Entre Quebrada Barrancas Blancas y Quebrada Carrizalillo,Rio Copiapo,R.  Copiapo Medio,03,3,Atacama,031,31,Copiapó,03103,3103,Tierra Amarilla
284,3,03404002-8,JORQUERA EN LA GUARDIA,Vigentes,433805,6930458,034,0340,03404,Rio Jorquera entre junta Rio Turbio y Rio Copiapo,Rio Copiapo,Rio Jorquera,03,3,Atacama,031,31,Copiapó,03103,3103,Tierra Amarilla
285,3,03430003-8,RIO COPIAPO EN PASTILLO,Vigentes,403931,6902002,034,0343,03430,"Rio Copiapo Entre Junta Rios Jorquera, Pulido y Manflas y Bajo Junta Q. Barrancas Blancas",Rio Copiapo,R.  Copiapo Medio,03,3,Atacama,031,31,Copiapó,03103,3103,Tierra Amarilla
286,3,03430006-2,LAUTARO EMBALSE,Vigentes,401234,6904740,034,0343,03430,"Rio Copiapo Entre Junta Rios Jorquera, Pulido y Manflas y Bajo Junta Q. Barrancas Blancas",Rio Copiapo,R.  Copiapo Medio,03,3,Atacama,031,31,Copiapó,03103,3103,Tierra Amarilla
287,3,03430007-0,LOS LOROS,Vigentes,389736,6921171,034,0343,03430,"Rio Copiapo Entre Junta Rios Jorquera, Pulido y Manflas y Bajo Junta Q. Barrancas Blancas",Rio Copiapo,R.  Copiapo Medio,03,3,Atacama,031,31,Copiapó,03103,3103,Tierra Amarilla
288,3,03421004-7,MANFLAS HACIENDA,Vigentes,404368,6888488,034,0342,03421,Rio Manflas Entre Quebrada Noriega y Rio Copiapo,Rio Copiapo,Rio Manflas,03,3,Atacama,031,31,Copiapó,03103,3103,Tierra Amarilla
289,3,03414001-4,RIO PULIDO EN VERTEDERO,Vigentes,407372,6892586,034,0341,03414,Rio Pulido entre Rio Mantosa y Rio Copiapo,Rio Copiapo,Rio Pulido,03,3,Atacama,031,31,Copiapó,03103,3103,Tierra Amarilla
290,3,03414002-2,IGLESIA COLORADA,Vigentes,412757,6885854,034,0341,03414,Rio Pulido entre Rio Mantosa y Rio Copiapo,Rio Copiapo,Rio Pulido,03,3,Atacama,031,31,Copiapó,03103,3103,Tierra Amarilla
291,3,03701001-4,CANTO DE AGUA,Vigentes,317260,6884821,037,0370,03701,Quebrada Carrizal Entre Quebrada Chacritas y Desembocadura,Quebrada Carrizal y Costeras hasta R. Huasco,Quebradas Carrizal y Carrizalillo,03,3,Atacama,033,33,Huasco,03304,3304,Huasco
292,3,03826003-0,HUASCO BAJO,Vigentes,282150,6849535,038,0382,03826,Rio Huasco Entre Quebrada Tortolas y Desembocadura,Rio Huasco,Rio Huasco,03,3,Atacama,033,33,Huasco,03304,3304,Huasco
293,3,03823003-4,VALLENAR DGA,Vigentes,329988,6836664,038,0382,03823,Rio Huasco Entre Quebrada El Jilguero y Quebrada Maitencillo,Rio Huasco,Rio Huasco,03,3,Atacama,033,33,Huasco,03301,3301,Vallenar
294,3,03823004-2,LA COMPAÑIA (VALLENAR),Vigentes,324124,6837098,038,0382,03823,Rio Huasco Entre Quebrada El Jilguero y Quebrada Maitencillo,Rio Huasco,Rio Huasco,03,3,Atacama,033,33,Huasco,03301,3301,Vallenar
295,3,03820004-6,SANTA JUANA,Vigentes,338376,6827375,038,0382,03820,Rio Huasco Entre Rio Transito y Del Carmen y Quebrada Camarones,Rio Huasco,Rio Huasco,03,3,Atacama,033,33,Huasco,03301,3301,Vallenar
296,3,03940001-4,DOMEIKO,Vigentes,315393,6795593,039,0394,03940,Quebrada Cha¤aral en Junta Quebrada La Hoyada,Costeras e Islas entre R.Huasco y Cuarta Region,Q. Chañaral,03,3,Atacama,033,33,Huasco,03301,3301,Vallenar
297,3,03825004-3,FREIRINA,Vigentes,296671,6844341,038,0382,03825,Rio Huasco Entre Quebrada Maitencillo y Bajo Quebrada Tortolas,Rio Huasco,Rio Huasco,03,3,Atacama,033,33,Huasco,03303,3303,Freirina
298,3,03800000-4,PORTEZUELO EL GAUCHO,Vigentes,397636,6832965,038,0380,03800,Rio Laguna Grande,Rio Huasco,Rio Transito,03,3,Atacama,033,33,Huasco,03302,3302,Alto del Carmen
299,3,03820001-1,RIO HUASCO EN ALGODONES,Vigentes,352888,6820881,038,0382,03820,Rio Huasco Entre Rio Transito y Del Carmen y Quebrada Camarones,Rio Huasco,Rio Huasco,03,3,Atacama,033,33,Huasco,03302,3302,Alto del Carmen
300,3,03804007-3,JUNTA DEL CARMEN,Vigentes,354993,6818252,038,0380,03806,Rio Transito Entre Quebrada Chanchoquin y Rio Huasco,Rio Huasco,Rio Transito,03,3,Atacama,033,33,Huasco,03302,3302,Alto del Carmen
301,3,03815004-9,SAN FELIX,Vigentes,357312,6798782,038,0381,03815,Rio del Carmen entre Pueblo San Felix y Rio Huasco,Rio Huasco,Rio del Carmen,03,3,Atacama,033,33,Huasco,03302,3302,Alto del Carmen
302,3,03804005-7,EL PARRAL,Vigentes,383316,6793760,038,0380,03804,Rio Transito Entre Rio Chollay y Quebrada Chanchoquin,Rio Huasco,Rio Transito,03,3,Atacama,033,33,Huasco,03302,3302,Alto del Carmen
303,3,03806002-3,EL TRANSITO,Vigentes,374982,6805335,038,0380,03804,Rio Transito Entre Rio Chollay y Quebrada Chanchoquin,Rio Huasco,Rio Transito,03,3,Atacama,033,33,Huasco,03302,3302,Alto del Carmen
304,3,03802001-3,RIO CONAY EN LAS LOZAS,Vigentes,392715,6797210,038,0380,03802,Rio Conay (entre Rio Valeriano y Rio Chollay),Rio Huasco,Rio Transito,03,3,Atacama,033,33,Huasco,03302,3302,Alto del Carmen
305,3,03802006-4,CONAY EN ALBARICOQUE,Vigentes,391179,6796708,038,0380,03802,Rio Conay (entre Rio Valeriano y Rio Chollay),Rio Huasco,Rio Transito,03,3,Atacama,033,33,Huasco,03302,3302,Alto del Carmen
306,3,03804006-5,EL CORRAL,Vigentes,362606,6778607,038,0381,03814,Rio del Carmen Entre Quebrada La Plata y Pueblo San Felix,Rio Huasco,Rio del Carmen,03,3,Atacama,033,33,Huasco,03302,3302,Alto del Carmen
307,3,03814003-5,RIO CARMEN EN EL CORRAL,Vigentes,362207,6778654,038,0381,03814,Rio del Carmen Entre Quebrada La Plata y Pueblo San Felix,Rio Huasco,Rio del Carmen,03,3,Atacama,033,33,Huasco,03302,3302,Alto del Carmen
308,3,03802005-6,CONAY,Vigentes,387596,6794272,038,0380,03803,Rio Chollay,Rio Huasco,Rio Transito,03,3,Atacama,033,33,Huasco,03302,3302,Alto del Carmen
309,4,04120001-4,EL TRAPICHE,Vigentes,294474,6748816,041,0412,04120,Quebrada Los Choros Entre Quebrada Del Pelicano y Desembocura,Rio los Choros,Q. Los Choros entre Q. del Pelicano y desembocadura,04,4,Coquimbo,041,41,Elqui,04104,4104,La Higuera
310,4,04306002-3,HUANTA,Vigentes,365759,6697444,043,0430,04306,Rio Turbio Arriba Junta Estero Huanta y Quebrada del Calvario,Rio Elqui,Rio Turbio,04,4,Coquimbo,041,41,Elqui,04106,4106,Vicuña
311,4,04302001-3,RIO TORO ANTES JUNTA RIO LA LAGUNA,Vigentes,394438,6683290,043,0430,04302,Rio Toro,Rio Elqui,Rio Turbio,04,4,Coquimbo,041,41,Elqui,04106,4106,Vicuña
312,4,04302014-5,JUNTAS,Vigentes,394439,6683290,043,0430,04302,Rio Toro,Rio Elqui,Rio Turbio,04,4,Coquimbo,041,41,Elqui,04106,4106,Vicuña
313,4,04308001-6,RIO TURBIO EN VARILLAR,Vigentes,351661,6686061,043,0430,04308,Rio Turbio Entre Quebrada del Calvario y Rio Elqui,Rio Elqui,Rio Turbio,04,4,Coquimbo,041,41,Elqui,04106,4106,Vicuña
314,4,04308003-2,RIVADAVIA,Vigentes,349359,6682656,043,0430,04308,Rio Turbio Entre Quebrada del Calvario y Rio Elqui,Rio Elqui,Rio Turbio,04,4,Coquimbo,041,41,Elqui,04106,4106,Vicuña
315,4,04323007-7,ALMENDRAL,Vigentes,319985,6680244,043,0432,04323,Rio Elqui Entre Quebrada San Carlos y Quebrada Marquesa,Rio Elqui,R. Elqui Medio,04,4,Coquimbo,041,41,Elqui,04106,4106,Vicuña
316,4,04320001-1,RIO ELQUI EN ALGARROBAL,Vigentes,346934,6680103,043,0432,04320,Rio Elqui Entre Junta Rios Turbio y Claro y Bajo Quebrada de Leiva (Vicu¤a),Rio Elqui,R. Elqui Medio,04,4,Coquimbo,041,41,Elqui,04106,4106,Vicuña
317,4,04320003-8,VICUÑA (INIA),Vigentes,336432,6675762,043,0432,04320,Rio Elqui Entre Junta Rios Turbio y Claro y Bajo Quebrada de Leiva (Vicu¤a),Rio Elqui,R. Elqui Medio,04,4,Coquimbo,041,41,Elqui,04106,4106,Vicuña
318,4,04301005-0,LA LAGUNA EMBALSE,Vigentes,399759,6658338,043,0430,04301,Rio La Laguna entre desague La Laguna y Rio Toro,Rio Elqui,Rio Turbio,04,4,Coquimbo,041,41,Elqui,04106,4106,Vicuña
319,4,04314002-7,RIO CLARO EN RIVADAVIA,Vigentes,349932,6682122,043,0431,04314,Rio Claro entre Rio Cochiguas y Rio Elqui,Rio Elqui,Rio Claro,04,4,Coquimbo,041,41,Elqui,04106,4106,Vicuña
320,4,04335002-1,LA SERENA (ESCUELA AGRICOLA),Vigentes,282122,6689159,043,0433,04335,Rio Elqui Entre Quebrada Santa Gracia y Desembocadura,Rio Elqui,R. Elqui Bajo,04,4,Coquimbo,041,41,Elqui,04101,4101,La Serena
321,4,04335014-5,PRUEBA GPRS10,Vigentes,282770,6689843,043,0433,04335,Rio Elqui Entre Quebrada Santa Gracia y Desembocadura,Rio Elqui,R. Elqui Bajo,04,4,Coquimbo,041,41,Elqui,04101,4101,La Serena
322,4,04314003-5,MONTE GRANDE,Vigentes,355511,6670498,043,0431,04314,Rio Claro entre Rio Cochiguas y Rio Elqui,Rio Elqui,Rio Claro,04,4,Coquimbo,041,41,Elqui,04105,4105,Paiguano
323,4,04314008-6,PAIHUANO,Vigentes,353662,6677457,043,0431,04314,Rio Claro entre Rio Cochiguas y Rio Elqui,Rio Elqui,Rio Claro,04,4,Coquimbo,041,41,Elqui,04105,4105,Paiguano
324,4,04313003-K,COCHIGUAZ,Vigentes,364531,6664585,043,0431,04313,Rio Cochiguas Entre Bajo Quebrada Cha¤ar y Rio Claro,Rio Elqui,Rio Claro,04,4,Coquimbo,041,41,Elqui,04105,4105,Paiguano
325,4,04311003-9,PISCO ELQUI DMC,Vigentes,356078,6666608,043,0431,04311,Rio Derecho Entre Quebrada Cogua y Rio Cochiguas,Rio Elqui,Rio Claro,04,4,Coquimbo,041,41,Elqui,04105,4105,Paiguano
326,4,04311004-7,LOS NICHOS,Vigentes,355854,6662977,043,0431,04311,Rio Derecho Entre Quebrada Cogua y Rio Cochiguas,Rio Elqui,Rio Claro,04,4,Coquimbo,041,41,Elqui,04105,4105,Paiguano
327,4,04311005-5,LA ORTIGA,Vigentes,356572,6657051,043,0431,04311,Rio Derecho Entre Quebrada Cogua y Rio Cochiguas,Rio Elqui,Rio Claro,04,4,Coquimbo,041,41,Elqui,04105,4105,Paiguano
328,4,04501003-1,PABELLON,Vigentes,350473,6634601,045,0450,04501,Rio Hurtado Entre Quebrada San Agustin y Quebrada Atajo,Rio Limari,Rio Hurtado,04,4,Coquimbo,043,43,Limarí,04305,4305,Río Hurtado
329,4,04502005-3,HURTADO,Vigentes,338582,6649150,045,0450,04501,Rio Hurtado Entre Quebrada San Agustin y Quebrada Atajo,Rio Limari,Rio Hurtado,04,4,Coquimbo,043,43,Limarí,04305,4305,Río Hurtado
330,4,04503003-2,PICHASCA,Vigentes,320211,6636002,045,0450,04503,Rio Hurtado Entre Rio Chacay y Quebrada Sin Nombre,Rio Limari,Rio Hurtado,04,4,Coquimbo,043,43,Limarí,04305,4305,Río Hurtado
331,4,04551005-0,OVALLE DGA,Vigentes,288294,6612196,045,0455,04551,Quebrada del Ingenio,Rio Limari,Rio Limari,04,4,Coquimbo,043,43,Limarí,04301,4301,Ovalle
332,4,04552002-1,LA TORRE,Vigentes,273129,6610680,045,0455,04552,Rio Limari Entre Quebrada del Ingenio y Bajo Junta Estero La Plata,Rio Limari,Rio Limari,04,4,Coquimbo,043,43,Limarí,04301,4301,Ovalle
333,4,04506007-1,RECOLETA EMBALSE,Vigentes,298772,6624450,045,0450,04506,"Rio Hurtado Entre Quebradas Higuerilla, Quebrada Sin Nombre y Rio Lima",Rio Limari,Rio Hurtado,04,4,Coquimbo,043,43,Limarí,04301,4301,Ovalle
334,4,04540005-0,SOTAQUI,Vigentes,296466,6609493,045,0454,04540,Rio Grande entre Rio Guatulame (muro Embalse Paloma) y Rio Hurtado,Rio Limari,Rio Grande Bajo (entre Embalse Paloma y Rio Hurtado),04,4,Coquimbo,043,43,Limarí,04301,4301,Ovalle
335,4,04540006-9,PALOMA EMBALSE,Vigentes,304995,6602384,045,0454,04540,Rio Grande entre Rio Guatulame (muro Embalse Paloma) y Rio Hurtado,Rio Limari,Rio Grande Bajo (entre Embalse Paloma y Rio Hurtado),04,4,Coquimbo,043,43,Limarí,04301,4301,Ovalle
336,4,04610001-8,PEÑA BLANCA,Vigentes,255886,6578532,046,0461,04610,Estero El Teniente y Estero Almendro (Incl.),Costeras entre R.Limari y R.Choapa,E.  El Teniente y E. El Almendro (Incl.),04,4,Coquimbo,043,43,Limarí,04301,4301,Ovalle
337,4,04522003-6,RAPEL,Vigentes,333484,6596671,045,0452,04522,Rio Rapel entre Rio Paloma y Rio Grande,Rio Limari,R. Grande Medio (arriba Junta R. Rapel y R. Guatulame o Muro Emb. Paloma),04,4,Coquimbo,043,43,Limarí,04303,4303,Monte Patria
338,4,04537003-8,EL TOME,Vigentes,310977,6590149,045,0453,04537,Rio Guatulame hasta desembocadura Embalse Paloma,Rio Limari,R. Guatulame (Muro Embalse Paloma),04,4,Coquimbo,043,43,Limarí,04303,4303,Monte Patria
339,4,04513003-7,TULAHUEN,Vigentes,331020,6572959,045,0451,04513,Rio Grande entre Rio Toscadero y Rio Mostazal,Rio Limari,Rio Grande Alto (hasta arriba junta Rio Rapel),04,4,Coquimbo,043,43,Limarí,04303,4303,Monte Patria
340,4,04513004-5,CAREN,Vigentes,330489,6585239,045,0451,04513,Rio Grande entre Rio Toscadero y Rio Mostazal,Rio Limari,Rio Grande Alto (hasta arriba junta Rio Rapel),04,4,Coquimbo,043,43,Limarí,04303,4303,Monte Patria
341,4,04511002-8,RIO GRANDE EN LAS RAMADAS,Vigentes,348721,6567581,045,0451,04511,Rio Grande entre Rio Palillos y Rio Toscadero,Rio Limari,Rio Grande Alto (hasta arriba junta Rio Rapel),04,4,Coquimbo,043,43,Limarí,04303,4303,Monte Patria
342,4,04511003-6,LAS RAMADAS,Vigentes,348909,6567419,045,0451,04511,Rio Grande entre Rio Palillos y Rio Toscadero,Rio Limari,Rio Grande Alto (hasta arriba junta Rio Rapel),04,4,Coquimbo,043,43,Limarí,04303,4303,Monte Patria
343,4,04512002-3,TASCADERO,Vigentes,340936,6567129,045,0451,04512,Rio Toscadero,Rio Limari,Rio Grande Alto (hasta arriba junta Rio Rapel),04,4,Coquimbo,043,43,Limarí,04303,4303,Monte Patria
344,4,04554003-0,LA PLACILLA,Vigentes,278631,6579522,045,0455,04554,Estero Punitaqui hasta Los Mantos,Rio Limari,Rio Limari,04,4,Coquimbo,043,43,Limarí,04304,4304,Punitaqui
345,4,04555001-K,PUNITAQUI,Vigentes,284077,6586719,045,0455,04554,Estero Punitaqui hasta Los Mantos,Rio Limari,Rio Limari,04,4,Coquimbo,043,43,Limarí,04304,4304,Punitaqui
346,4,04535001-0,COGOTI EMBALSE,Vigentes,300608,6567327,045,0453,04535,Rio Guatulame Entre Embalse Cogoti y Quebrada Carcamo,Rio Limari,R. Guatulame (Muro Embalse Paloma),04,4,Coquimbo,043,43,Limarí,04302,4302,Combarbalá
347,4,04530001-3,RIO COGOTI EN FRAGUITA,Vigentes,320068,6556093,045,0453,04531,Rio Cogoti Entre Quebrada Chepica y Desembocadura Embalse Cogoti,Rio Limari,R. Guatulame (Muro Embalse Paloma),04,4,Coquimbo,043,43,Limarí,04302,4302,Combarbalá
348,4,04531002-7,RIO COGOTI ENTRADA EMBALSE COGOTI,Vigentes,305097,6564637,045,0453,04531,Rio Cogoti Entre Quebrada Chepica y Desembocadura Embalse Cogoti,Rio Limari,R. Guatulame (Muro Embalse Paloma),04,4,Coquimbo,043,43,Limarí,04302,4302,Combarbalá
349,4,04531003-5,COGOTI 18,Vigentes,313519,6558646,045,0453,04531,Rio Cogoti Entre Quebrada Chepica y Desembocadura Embalse Cogoti,Rio Limari,R. Guatulame (Muro Embalse Paloma),04,4,Coquimbo,043,43,Limarí,04302,4302,Combarbalá
350,4,04532006-5,COMBARBALA,Vigentes,309530,6547812,045,0453,04532,Rio Combarbala,Rio Limari,R. Guatulame (Muro Embalse Paloma),04,4,Coquimbo,043,43,Limarí,04302,4302,Combarbalá
351,4,04732001-1,LA CANELA DMC,Vigentes,266445,6523752,047,0473,04734,Estero Canela entre Espiritu Santo y Rio Choapa,Rio Choapa,Rio Choapa Bajo (entre Rio Illapel y Desembocadura),04,4,Coquimbo,042,42,Choapa,04202,4202,Canela
352,4,04730004-5,MINCHA NORTE,Vigentes,267509,6502706,047,0473,04730,Rio Choapa Entre Rio Illapel y Estero Canela,Rio Choapa,Rio Choapa Bajo (entre Rio Illapel y Desembocadura),04,4,Coquimbo,042,42,Choapa,04202,4202,Canela
353,4,04721001-1,RIO ILLAPEL EN LAS BURRAS,Vigentes,327549,6512386,047,0472,04721,Rio Illapel Entre Arriba Junta Rio Tres Quebradas y Arriba Junta Rio Caren,Rio Choapa,Rio Illapel,04,4,Coquimbo,042,42,Choapa,04201,4201,Illapel
354,4,04721002-K,LAS BURRAS,Vigentes,327474,6512155,047,0472,04721,Rio Illapel Entre Arriba Junta Rio Tres Quebradas y Arriba Junta Rio Caren,Rio Choapa,Rio Illapel,04,4,Coquimbo,042,42,Choapa,04201,4201,Illapel
355,4,04723001-2,RIO ILLAPEL EN HUINTIL,Vigentes,313467,6506056,047,0472,04723,Rio Illapel Entre Quebrada El Chivato y Estero Auco,Rio Choapa,Rio Illapel,04,4,Coquimbo,042,42,Choapa,04201,4201,Illapel
356,4,04723002-0,HUINTIL,Vigentes,310378,6505125,047,0472,04723,Rio Illapel Entre Quebrada El Chivato y Estero Auco,Rio Choapa,Rio Illapel,04,4,Coquimbo,042,42,Choapa,04201,4201,Illapel
357,4,04726001-9,RIO ILLAPEL EN EL PERAL,Vigentes,286157,6494086,047,0472,04726,Rio Illapel Entre Estero Auco y Rio Choapa,Rio Choapa,Rio Illapel,04,4,Coquimbo,042,42,Choapa,04201,4201,Illapel
358,4,04726003-5,ILLAPEL DGA,Vigentes,293094,6497017,047,0472,04726,Rio Illapel Entre Estero Auco y Rio Choapa,Rio Choapa,Rio Illapel,04,4,Coquimbo,042,42,Choapa,04201,4201,Illapel
359,4,04716005-7,LIMAHUIDA,Vigentes,294965,6485124,047,0471,04716,Rio Choapa Entre Estero Limahuida y Rio Illapel,Rio Choapa,Rio Choapa Medio (entre Rios Cuncumen e Illapel),04,4,Coquimbo,042,42,Choapa,04201,4201,Illapel
360,4,04712001-2,RIO CHALINGA EN LA PALMILLA,Vigentes,337333,6491612,047,0471,04712,Rio Chalinga Hasta Quebrada Ranquil,Rio Choapa,Rio Choapa Medio (entre Rios Cuncumen e Illapel),04,4,Coquimbo,042,42,Choapa,04204,4204,Salamanca
361,4,04713004-2,SAN AGUSTIN,Vigentes,326406,6487532,047,0471,04713,Rio Chalinga Entre Arriba Quebrada Ranquil y Rio Choapa,Rio Choapa,Rio Choapa Medio (entre Rios Cuncumen e Illapel),04,4,Coquimbo,042,42,Choapa,04204,4204,Salamanca
362,4,04704001-9,RIO CUNCUMEN ANTES JUNTA CHOAPA (CHACAY),Vigentes,347110,6472007,047,0470,04704,Rio Cuncumen,Rio Choapa,Rio Choapa Alto (hasta abajo junta Rio Cuncumen),04,4,Coquimbo,042,42,Choapa,04204,4204,Salamanca
363,4,04710001-1,LA TRANQUILLA,Vigentes,341195,6469550,047,0471,04710,Rio Choapa Entre Rio Cuncumen y Bajo Junta Quebrada Chellepin,Rio Choapa,Rio Choapa Medio (entre Rios Cuncumen e Illapel),04,4,Coquimbo,042,42,Choapa,04204,4204,Salamanca
364,4,04711001-7,RIO CHOAPA EN SALAMANCA,Vigentes,317085,6478374,047,0471,04711,Rio Choapa Entre Quebrada Chellepin y Rio Chalinga,Rio Choapa,Rio Choapa Medio (entre Rios Cuncumen e Illapel),04,4,Coquimbo,042,42,Choapa,04204,4204,Salamanca
365,4,04711003-3,COIRON,Vigentes,332248,6468923,047,0471,04711,Rio Choapa Entre Quebrada Chellepin y Rio Chalinga,Rio Choapa,Rio Choapa Medio (entre Rios Cuncumen e Illapel),04,4,Coquimbo,042,42,Choapa,04204,4204,Salamanca
366,4,04711004-1,SALAMANCA,Vigentes,313736,6482674,047,0471,04711,Rio Choapa Entre Quebrada Chellepin y Rio Chalinga,Rio Choapa,Rio Choapa Medio (entre Rios Cuncumen e Illapel),04,4,Coquimbo,042,42,Choapa,04204,4204,Salamanca
367,4,04703002-1,RIO CHOAPA EN CUNCUMEN,Vigentes,349754,6461883,047,0470,04703,Rio Choapa Entre Estero del Valle y Rio Cuncumen,Rio Choapa,Rio Choapa Alto (hasta abajo junta Rio Cuncumen),04,4,Coquimbo,042,42,Choapa,04204,4204,Salamanca
368,4,04703003-K,CUNCUMEN,Vigentes,346469,6469914,047,0470,04703,Rio Choapa Entre Estero del Valle y Rio Cuncumen,Rio Choapa,Rio Choapa Alto (hasta abajo junta Rio Cuncumen),04,4,Coquimbo,042,42,Choapa,04204,4204,Salamanca
369,4,04810001-5,ESTERO PUPIO EN EL ROMERO,Vigentes,303872,6463101,048,0481,04810,Estero Pupio,Costeras entre R.Choapa y R.Quilimari,Estero Pupio,04,4,Coquimbo,042,42,Choapa,04203,4203,Los Vilos
370,4,04810003-1,CAIMANES,Vigentes,298044,6465524,048,0481,04810,Estero Pupio,Costeras entre R.Choapa y R.Quilimari,Estero Pupio,04,4,Coquimbo,042,42,Choapa,04203,4203,Los Vilos
371,4,04820001-K,LOS VILOS DMC,Vigentes,262657,6466271,048,0482,04820,Costeras Entre Estero Pupio y Rio Quilimari,Costeras entre R.Choapa y R.Quilimari,Costeras entre Estero Pupio y Rio Quilimari,04,4,Coquimbo,042,42,Choapa,04203,4203,Los Vilos
372,4,04900002-2,CULIMO EMBALSE,Vigentes,289116,6449316,049,0490,04901,Rio Quilimari entre muro Embalse Culimo y Bajo Cajon Ingienillo,Rio QuiLimari,Rio Quilimari hasta Muro Embalse Culimo,04,4,Coquimbo,042,42,Choapa,04203,4203,Los Vilos
373,4,04902002-3,LOS CONDORES,Vigentes,281813,6445187,049,0490,04902,Rio Quilimari Entre Cajon Ingienillo y Desembocadura,Rio QuiLimari,Rio Quilimari hasta Muro Embalse Culimo,04,4,Coquimbo,042,42,Choapa,04203,4203,Los Vilos
374,4,04902003-1,QUILIMARI,Vigentes,264892,6443916,049,0490,04902,Rio Quilimari Entre Cajon Ingienillo y Desembocadura,Rio QuiLimari,Rio Quilimari hasta Muro Embalse Culimo,04,4,Coquimbo,042,42,Choapa,04203,4203,Los Vilos
375,4,04900003-0,QUELON,Vigentes,296000,6441528,049,0490,04900,Rio Quilimari hasta muro Embalse Culimo,Rio QuiLimari,Rio Quilimari hasta Muro Embalse Culimo,04,4,Coquimbo,042,42,Choapa,04203,4203,Los Vilos
376,5,05101005-1,PEDERNAL HACIENDA,Vigentes,330256,6447868,051,0510,05101,Rio Pedernal,Rio Petorca,Rio Petorca Alto (hasta despues Junta Rio Sobrante),05,5,Valparaíso,054,54,Petorca,05404,5404,Petorca
377,5,05101006-K,CHALACO,Vigentes,331485,6438332,051,0510,05101,Rio Pedernal,Rio Petorca,Rio Petorca Alto (hasta despues Junta Rio Sobrante),05,5,Valparaíso,054,54,Petorca,05404,5404,Petorca
378,5,05111001-3,PALQUICO,Vigentes,298531,6429544,051,0511,05111,Estero Las Palmas,Rio Petorca,Petorca Medio,05,5,Valparaíso,054,54,Petorca,05404,5404,Petorca
379,5,05111002-1,FRUTILLAR ALTO,Vigentes,311571,6441237,051,0511,05111,Estero Las Palmas,Rio Petorca,Petorca Medio,05,5,Valparaíso,054,54,Petorca,05404,5404,Petorca
380,5,05111004-8,EL SALVADOR,Vigentes,304423,6423722,051,0511,05111,Estero Las Palmas,Rio Petorca,Petorca Medio,05,5,Valparaíso,054,54,Petorca,05404,5404,Petorca
381,5,05100001-3,RIO SOBRANTE EN PIÑADERO,Vigentes,338253,6432848,051,0510,05100,Rio Sobrante,Rio Petorca,Rio Petorca Alto (hasta despues Junta Rio Sobrante),05,5,Valparaíso,054,54,Petorca,05404,5404,Petorca
382,5,05100003-K,NACIMIENTO DEL SOBRANTE,Vigentes,360191,6437670,051,0510,05100,Rio Sobrante,Rio Petorca,Rio Petorca Alto (hasta despues Junta Rio Sobrante),05,5,Valparaíso,054,54,Petorca,05404,5404,Petorca
383,5,05100005-6,EL TRAPICHE,Vigentes,336274,6432849,051,0510,05100,Rio Sobrante,Rio Petorca,Rio Petorca Alto (hasta despues Junta Rio Sobrante),05,5,Valparaíso,054,54,Petorca,05404,5404,Petorca
384,5,05100006-4,EL SOBRANTE HACIENDA,Vigentes,330879,6432712,051,0510,05100,Rio Sobrante,Rio Petorca,Rio Petorca Alto (hasta despues Junta Rio Sobrante),05,5,Valparaíso,054,54,Petorca,05404,5404,Petorca
385,5,05110002-6,RIO PETORCA EN PEÑON O HIERRO VIEJO,Vigentes,312690,6426939,051,0511,05110,Rio Petorca Entre Rio Sobrante y Estero Las Palmas,Rio Petorca,Petorca Medio,05,5,Valparaíso,054,54,Petorca,05404,5404,Petorca
386,5,05110003-4,HIERRO VIEJO,Vigentes,313833,6426657,051,0511,05110,Rio Petorca Entre Rio Sobrante y Estero Las Palmas,Rio Petorca,Petorca Medio,05,5,Valparaíso,054,54,Petorca,05404,5404,Petorca
387,5,05120003-9,ARTIFICIO,Vigentes,302911,6413118,051,0512,05120,Rio Petorca Entre Estero Las Palmas y Desembocadura,Rio Petorca,Rio Petorca Bajo (Entre Las Palmas y Desembocadura),05,5,Valparaíso,054,54,Petorca,05402,5402,Cabildo
388,5,05200001-7,RIO ALICAHUE EN COLLIGUAY,Vigentes,336451,6421573,052,0520,05200,Estero Alicahue,Rio Ligua,Rio Ligua Alto (Estero Alicahue),05,5,Valparaíso,054,54,Petorca,05402,5402,Cabildo
389,5,05200006-8,ALICAHUE,Vigentes,335143,6420422,052,0520,05200,Estero Alicahue,Rio Ligua,Rio Ligua Alto (Estero Alicahue),05,5,Valparaíso,054,54,Petorca,05402,5402,Cabildo
390,5,05200007-6,LA MOSTAZA,Vigentes,341911,6409814,052,0520,05200,Estero Alicahue,Rio Ligua,Rio Ligua Alto (Estero Alicahue),05,5,Valparaíso,054,54,Petorca,05402,5402,Cabildo
391,5,05210002-K,LA VIÑA,Vigentes,320246,6410050,052,0521,05210,Rio Ligua ante Quebrada La Cerrada y Estero Los Angeles,Rio Ligua,Rio Ligua Medio (entre Quebrada La Cerrada y Los Angeles),05,5,Valparaíso,054,54,Petorca,05402,5402,Cabildo
392,5,05220006-7,CHACRILLA,Vigentes,306249,6410346,052,0522,05220,Rio Ligua Entre Estero Los Angeles y Bajo Estero La Patagua,Rio Ligua,Rio Ligua Bajo (Entre Estero Los Angeles y Desembocadura),05,5,Valparaíso,054,54,Petorca,05402,5402,Cabildo
393,5,05211003-3,MINA CERRO NEGRO,Vigentes,324304,6392281,052,0521,05211,Estero Los Angeles,Rio Ligua,Rio Ligua Medio (entre Quebrada La Cerrada y Los Angeles),05,5,Valparaíso,054,54,Petorca,05402,5402,Cabildo
394,5,05211004-1,LAS PUERTAS,Vigentes,318419,6403948,052,0521,05211,Estero Los Angeles,Rio Ligua,Rio Ligua Medio (entre Quebrada La Cerrada y Los Angeles),05,5,Valparaíso,054,54,Petorca,05402,5402,Cabildo
395,5,05414001-0,RIO PUTAENDO EN RESGUARDO LOS PATOS,Vigentes,351471,6402864,054,0541,05413,Rio Putaendo Entre Rio Hidalgo y Bajo Junta Estero Chalaco,Rio Aconcagua,Aconcagua Medio,05,5,Valparaíso,057,57,San Felipe,05705,5705,Putaendo
396,5,05414004-5,RESGUARDO LOS PATOS,Vigentes,351410,6402873,054,0541,05413,Rio Putaendo Entre Rio Hidalgo y Bajo Junta Estero Chalaco,Rio Aconcagua,Aconcagua Medio,05,5,Valparaíso,057,57,San Felipe,05705,5705,Putaendo
397,5,05414005-3,EL TARTARO,Vigentes,340523,6395278,054,0541,05414,Rio Putaendo Entre Estero Chalaco y Rio Aconcagua,Rio Aconcagua,Aconcagua Medio,05,5,Valparaíso,057,57,San Felipe,05705,5705,Putaendo
398,5,05404001-6,CANAL COLORADO EN BOCATOMA,Vigentes,373148,6365795,054,0540,05406,Rio Colorado Entre Estero Riecillos y Rio Aconcagua,Rio Aconcagua,Aconcagua Alto,05,5,Valparaíso,053,53,Los Andes,05304,5304,San Esteban
399,5,05410002-7,RIO ACONCAGUA EN CHACABUQUITO,Vigentes,358752,6364286,054,0541,05410,Rio Aconcagua entre Rio Colorado y Rio Putaendo,Rio Aconcagua,Aconcagua Medio,05,5,Valparaíso,053,53,Los Andes,05304,5304,San Esteban
400,5,05310001-5,LAGUNA DE ZAPALLAR,Vigentes,274127,6387860,053,0531,05310,Estero Catapilco,Costeras Ligua-Aconcagua,Estero Catapilco,05,5,Valparaíso,054,54,Petorca,05405,5405,Zapallar
401,5,05415004-0,JAHUEL,Vigentes,350331,6382255,054,0541,05415,Estero Quilpue,Rio Aconcagua,Aconcagua Medio,05,5,Valparaíso,057,57,San Felipe,05706,5706,Santa María
402,5,05421005-1,CATEMU,Vigentes,318021,6373877,054,0542,05421,Estero Catemu,Rio Aconcagua,Aconcagua Bajo,05,5,Valparaíso,057,57,San Felipe,05702,5702,Catemu
403,5,05410005-1,RIO ACONCAGUA EN SAN FELIPE,Vigentes,337335,6374251,054,0541,05415,Estero Quilpue,Rio Aconcagua,Aconcagua Medio,05,5,Valparaíso,057,57,San Felipe,05701,5701,San Felipe
404,5,05410008-6,SAN FELIPE,Vigentes,340094,6374545,054,0541,05415,Estero Quilpue,Rio Aconcagua,Aconcagua Medio,05,5,Valparaíso,057,57,San Felipe,05701,5701,San Felipe
405,5,05410006-K,VILCUYA,Vigentes,362293,6363236,054,0541,05410,Rio Aconcagua entre Rio Colorado y Rio Putaendo,Rio Aconcagua,Aconcagua Medio,05,5,Valparaíso,053,53,Los Andes,05301,5301,Los Andes
406,5,05410007-8,LOS ANDES,Vigentes,346279,6368435,054,0541,05410,Rio Aconcagua entre Rio Colorado y Rio Putaendo,Rio Aconcagua,Aconcagua Medio,05,5,Valparaíso,053,53,Los Andes,05301,5301,Los Andes
407,5,05401003-6,RIO JUNCAL EN JUNCAL,Vigentes,392675,6362512,054,0540,05400,Rio Juncal antes junta Estero Juncalillo,Rio Aconcagua,Aconcagua Alto,05,5,Valparaíso,053,53,Los Andes,05301,5301,Los Andes
408,5,05403006-1,RIECILLOS,Vigentes,373110,6356480,054,0540,05403,Rio Aconcagua entre Rio Blanco y Rio Colorado,Rio Aconcagua,Aconcagua Alto,05,5,Valparaíso,053,53,Los Andes,05301,5301,Los Andes
409,5,05403002-9,RIO ACONCAGUA EN RIO BLANCO,Vigentes,377748,6357917,054,0540,05402,Rio Blanco,Rio Aconcagua,Aconcagua Alto,05,5,Valparaíso,053,53,Los Andes,05301,5301,Los Andes
410,5,05422002-2,LAS CHILCAS,Vigentes,327069,6362036,054,0542,05422,Estero Los Loros,Rio Aconcagua,Aconcagua Bajo,05,5,Valparaíso,057,57,San Felipe,05703,5703,Llaillay
411,5,05423003-6,RIO ACONCAGUA EN ROMERAL,Vigentes,310430,6364620,054,0542,05422,Estero Los Loros,Rio Aconcagua,Aconcagua Bajo,05,5,Valparaíso,057,57,San Felipe,05703,5703,Llaillay
412,5,05411001-4,ESTERO POCURO EN EL SIFON,Vigentes,355682,6356459,054,0541,05411,Estero Pocuro,Rio Aconcagua,Aconcagua Medio,05,5,Valparaíso,053,53,Los Andes,05302,5302,Calle Larga
413,13,05733006-6,RINCON DE LOS VALLES,Vigentes,336111,6353157,057,0573,05733,Estero Tiltil,Rio Maipo,Mapocho Bajo,13,13,Metropolitana de Santiago,133,133,Chacabuco,13303,13303,Tiltil
414,13,05733007-4,CALEU,Vigentes,313765,6346338,057,0573,05733,Estero Tiltil,Rio Maipo,Mapocho Bajo,13,13,Metropolitana de Santiago,133,133,Chacabuco,13303,13303,Tiltil
415,13,05733008-2,RUNGUE EMBALSE,Vigentes,321794,6344885,057,0573,05733,Estero Tiltil,Rio Maipo,Mapocho Bajo,13,13,Metropolitana de Santiago,133,133,Chacabuco,13303,13303,Tiltil
416,13,05733010-4,FUNDO LAS BATEAS,Vigentes,331120,6353082,057,0573,05733,Estero Tiltil,Rio Maipo,Mapocho Bajo,13,13,Metropolitana de Santiago,133,133,Chacabuco,13303,13303,Tiltil
417,13,05732001-K,HUECHUN EMBALSE,Vigentes,331837,6337777,057,0573,05732,Estero Chacabuco Entre Estero La Margarita y Estero Tiltil,Rio Maipo,Mapocho Bajo,13,13,Metropolitana de Santiago,133,133,Chacabuco,13303,13303,Tiltil
418,13,05732002-8,HUECHUN ANDINA,Vigentes,335008,6339281,057,0573,05732,Estero Chacabuco Entre Estero La Margarita y Estero Tiltil,Rio Maipo,Mapocho Bajo,13,13,Metropolitana de Santiago,133,133,Chacabuco,13303,13303,Tiltil
419,5,05427008-9,QUEBRADA ALVARADO,Vigentes,302557,6341112,054,0542,05427,Estero Limache,Rio Aconcagua,Aconcagua Bajo,05,5,Valparaíso,058,58,Marga Marga,05803,5803,Olmué
420,5,05510001-2,RODELILLO,Vigentes,258696,6340127,055,0551,05510,Lago Penuelas,Costeras entre Aconcagua y Maipo,Lago Peñuelas,05,5,Valparaíso,051,51,Valparaíso,05101,5101,Valparaíso
421,5,05510002-0,LAGO PEÑUELAS,Vigentes,261586,6329722,055,0551,05510,Lago Penuelas,Costeras entre Aconcagua y Maipo,Lago Peñuelas,05,5,Valparaíso,051,51,Valparaíso,05101,5101,Valparaíso
422,5,05510005-5,CERRO COLORADO ARMADA DE CHILE,Vigentes,255716,6336526,055,0551,05510,Lago Penuelas,Costeras entre Aconcagua y Maipo,Lago Peñuelas,05,5,Valparaíso,051,51,Valparaíso,05101,5101,Valparaíso
423,5,05510007-1,VALPARAÍSO,Vigentes,256770,6341114,055,0551,05510,Lago Penuelas,Costeras entre Aconcagua y Maipo,Lago Peñuelas,05,5,Valparaíso,051,51,Valparaíso,05101,5101,Valparaíso
424,13,05706003-4,VALLE OLIVARES,Vigentes,396313,6327380,057,0570,05706,Rio Olivares,Rio Maipo,Rio Maipo Alto,13,13,Metropolitana de Santiago,132,132,Cordillera,13203,13203,San José de Maipo
425,13,05706004-2,GLACIAR JUNCAL SUR,Vigentes,396269,6335124,057,0570,05706,Rio Olivares,Rio Maipo,Rio Maipo Alto,13,13,Metropolitana de Santiago,132,132,Cordillera,13203,13203,San José de Maipo
426,13,05706005-0,GLACIAR OLIVARES ALFA,Vigentes,386439,6328240,057,0570,05706,Rio Olivares,Rio Maipo,Rio Maipo Alto,13,13,Metropolitana de Santiago,132,132,Cordillera,13203,13203,San José de Maipo
427,13,05705001-2,RIO COLORADO ANTES JUNTA RIO OLIVARES,Vigentes,394337,6293457,057,0570,05705,Rio Colorado antes junta Rio Olivares,Rio Maipo,Rio Maipo Alto,13,13,Metropolitana de Santiago,132,132,Cordillera,13203,13203,San José de Maipo
428,13,05706001-8,RIO OLIVARES ANTES JUNTA RIO COLORADO,Vigentes,394343,6293240,057,0570,05705,Rio Colorado antes junta Rio Olivares,Rio Maipo,Rio Maipo Alto,13,13,Metropolitana de Santiago,132,132,Cordillera,13203,13203,San José de Maipo
429,13,05707003-K,MAITENES BOCATOMA,Vigentes,382834,6289120,057,0570,05707,Rio Colorado entre Rio Olivares y Rio Maipo,Rio Maipo,Rio Maipo Alto,13,13,Metropolitana de Santiago,132,132,Cordillera,13203,13203,San José de Maipo
430,13,05710001-K,RIO MAIPO EN EL MANZANO,Vigentes,372019,6281633,057,0571,05710,Rio Maipo Entre Estero Colorado y Rio Clarillo,Rio Maipo,Rio Maipo Medio,13,13,Metropolitana de Santiago,132,132,Cordillera,13203,13203,San José de Maipo
431,13,05710007-9,LA OBRA RECINTO EMOS,Vigentes,362190,6282161,057,0571,05710,Rio Maipo Entre Estero Colorado y Rio Clarillo,Rio Maipo,Rio Maipo Medio,13,13,Metropolitana de Santiago,132,132,Cordillera,13203,13203,San José de Maipo
432,13,05703008-9,EL YESO EMBALSE,Vigentes,399081,6273246,057,0570,05703,Rio Yeso,Rio Maipo,Rio Maipo Alto,13,13,Metropolitana de Santiago,132,132,Cordillera,13203,13203,San José de Maipo
433,13,05704002-5,RIO MAIPO EN SAN ALFONSO,Vigentes,379470,6266472,057,0570,05704,Rio Maipo entre Rio Volcan y Rio Colorado,Rio Maipo,Rio Maipo Alto,13,13,Metropolitana de Santiago,132,132,Cordillera,13203,13203,San José de Maipo
434,13,05704004-1,SAN GABRIEL,Vigentes,385249,6261273,057,0570,05704,Rio Maipo entre Rio Volcan y Rio Colorado,Rio Maipo,Rio Maipo Alto,13,13,Metropolitana de Santiago,132,132,Cordillera,13203,13203,San José de Maipo
435,13,05704006-8,SAN JOSE DE MAIPO RETEN,Vigentes,374166,6277328,057,0570,05704,Rio Maipo entre Rio Volcan y Rio Colorado,Rio Maipo,Rio Maipo Alto,13,13,Metropolitana de Santiago,132,132,Cordillera,13203,13203,San José de Maipo
436,13,05702001-6,RIO VOLCAN EN QUELTEHUES,Vigentes,387971,6258289,057,0570,05702,Rio Volcan,Rio Maipo,Rio Maipo Alto,13,13,Metropolitana de Santiago,132,132,Cordillera,13203,13203,San José de Maipo
437,13,05702011-3,GLACIAR SAN FRANCISCOEN AGUAS PANIMAVIDA,Vigentes,400956,6258861,057,0570,05702,Rio Volcan,Rio Maipo,Rio Maipo Alto,13,13,Metropolitana de Santiago,132,132,Cordillera,13203,13203,San José de Maipo
438,13,05701009-6,RIO MAIPO EN QUELTEHUES,Vigentes,386768,6257461,057,0570,05701,Rio Maipo entre Rio Negro y Rio Volcan,Rio Maipo,Rio Maipo Alto,13,13,Metropolitana de Santiago,132,132,Cordillera,13203,13203,San José de Maipo
439,13,05721001-K,ESTERO YERBA LOCA ANTES JUNTA SAN FRANCISCO,Vigentes,373072,6309689,057,0572,05721,Rio San Francisco,Rio Maipo,R.  Mapocho Alto,13,13,Metropolitana de Santiago,131,131,Santiago,13115,13115,Lo Barnechea
440,13,05721016-8,RIO SAN FRANCISCO ANTES JUNTA ESTERO YERBA LOCA,Vigentes,373641,6313676,057,0572,05721,Rio San Francisco,Rio Maipo,R.  Mapocho Alto,13,13,Metropolitana de Santiago,131,131,Santiago,13115,13115,Lo Barnechea
441,13,05721017-6,ESTERO YERBA LOCA EN PIEDRA CARVAJAL,Vigentes,381313,6323390,057,0572,05721,Rio San Francisco,Rio Maipo,R.  Mapocho Alto,13,13,Metropolitana de Santiago,131,131,Santiago,13115,13115,Lo Barnechea
442,13,05720001-4,RIO MOLINA ANTES JUNTA SAN FRANCISCO,Vigentes,370094,6306419,057,0572,05722,Rio Mapocho Entre Rio San Francisco y Bajo Junta Estero Arrayan,Rio Maipo,R.  Mapocho Alto,13,13,Metropolitana de Santiago,131,131,Santiago,13115,13115,Lo Barnechea
443,13,05722001-5,ESTERO ARRAYAN EN LA MONTOSA,Vigentes,364171,6311298,057,0572,05722,Rio Mapocho Entre Rio San Francisco y Bajo Junta Estero Arrayan,Rio Maipo,R.  Mapocho Alto,13,13,Metropolitana de Santiago,131,131,Santiago,13115,13115,Lo Barnechea
444,13,05722002-3,RIO MAPOCHO EN LOS ALMENDROS,Vigentes,365020,6306679,057,0572,05722,Rio Mapocho Entre Rio San Francisco y Bajo Junta Estero Arrayan,Rio Maipo,R.  Mapocho Alto,13,13,Metropolitana de Santiago,131,131,Santiago,13115,13115,Lo Barnechea
445,13,05722007-4,RIO MAPOCHO EN LOS ALMENDROS GPRS,Vigentes,365020,6306679,057,0572,05722,Rio Mapocho Entre Rio San Francisco y Bajo Junta Estero Arrayan,Rio Maipo,R.  Mapocho Alto,13,13,Metropolitana de Santiago,131,131,Santiago,13115,13115,Lo Barnechea
446,13,05716001-2,RIO ANGOSTURA EN VALDIVIA DE PAINE,Vigentes,325665,6257179,057,0571,05716,Estero Angostura Entre Estero Paine (II) y Rio Maipo,Rio Maipo,Rio Maipo Medio,13,13,Metropolitana de Santiago,134,134,Maipo,13404,13404,Paine
447,13,05716005-5,LAGUNA ACULEO,Vigentes,326369,6248925,057,0571,05716,Estero Angostura Entre Estero Paine (II) y Rio Maipo,Rio Maipo,Rio Maipo Medio,13,13,Metropolitana de Santiago,134,134,Maipo,13404,13404,Paine
448,13,05716011-K,LAGUNA ACULEO LOS CASTAÑOS,Vigentes,323587,6251765,057,0571,05716,Estero Angostura Entre Estero Paine (II) y Rio Maipo,Rio Maipo,Rio Maipo Medio,13,13,Metropolitana de Santiago,134,134,Maipo,13404,13404,Paine
449,6,06040001-6,VILLA ALHUE,Vigentes,306676,6231976,060,0604,06040,Estero Alhue hasta Estero de Piche,Rio Rapel,Estero Alhue,13,13,Metropolitana de Santiago,135,135,Melipilla,13502,13502,Alhué
450,6,06042004-1,BARRERA LONCHA,Vigentes,297450,6226976,060,0604,06042,Estero Caren,Rio Rapel,Estero Alhue,13,13,Metropolitana de Santiago,135,135,Melipilla,13502,13502,Alhué
451,6,06056003-K,RAPEL,Vigentes,247305,6240222,060,0605,06056,Rio Rapel Entre Estero Corneche y Desembocadura,Rio Rapel,Rio Rapel,06,6,Libertador General Bernardo O'Higgins,062,62,Cardenal Caro,06205,6205,Navidad
452,6,06055003-4,LITUECHE,Vigentes,248245,6221536,060,0605,06055,Rio Rapel Entre Muro Embalse Central Rapel y Bajo Estero Corneche,Rio Rapel,Rio Rapel,06,6,Libertador General Bernardo O'Higgins,062,62,Cardenal Caro,06203,6203,Litueche
453,6,06044001-8,COCALAN,Vigentes,290034,6212568,060,0604,06044,Estero Las Palmas,Rio Rapel,Estero Alhue,06,6,Libertador General Bernardo O'Higgins,061,61,Cachapoal,06107,6107,Las Cabras
454,6,06019003-8,RIO CACHAPOAL EN PUENTE ARQUEADO (CA),Vigentes,281926,6204899,060,0601,06019,Estero Cachapoal entre Estero Claro y Central  Rapel,Rio Rapel,Cachapoal Bajo,06,6,Libertador General Bernardo O'Higgins,061,61,Cachapoal,06107,6107,Las Cabras
455,6,06011001-8,ESTERO DE LA CADENA ANTES JUNTA RIO CACHAPOAL,Vigentes,329899,6215554,060,0601,06011,Estero Las Cadenas,Rio Rapel,Cachapoal Bajo,06,6,Libertador General Bernardo O'Higgins,061,61,Cachapoal,06101,6101,Rancagua
456,6,06010015-2,RANCAGUA (CACHAPOAL - DCP),Vigentes,338657,6215289,060,0601,06010,Rio Cachapoal entre Rio Claro y Estero Las Cadenas,Rio Rapel,Cachapoal Bajo,06,6,Libertador General Bernardo O'Higgins,061,61,Cachapoal,06101,6101,Rancagua
457,6,06012003-K,COLTAUCO,Vigentes,308549,6204018,060,0601,06012,Rio Cachapoal Entre Estero Las Cadenas y Rio Claro (de Rengo),Rio Rapel,Cachapoal Bajo,06,6,Libertador General Bernardo O'Higgins,061,61,Cachapoal,06104,6104,Coltauco
458,6,06120001-0,PICHILEMU,Vigentes,775140,6191054,061,0612,06120,Costeras Entre Estero Topocalma y Estero Nilahue,Costeras Rapel-E.Nilahue,Costeras entre E. Topocalma y E. Nilahue,06,6,Libertador General Bernardo O'Higgins,062,62,Cardenal Caro,06201,6201,Pichilemu
459,6,06019005-4,PICHIDEGUA,Vigentes,278057,6203322,060,0601,06019,Estero Cachapoal entre Estero Claro y Central  Rapel,Rio Rapel,Cachapoal Bajo,06,6,Libertador General Bernardo O'Higgins,061,61,Cachapoal,06113,6113,Pichidegua
460,1,01310018-7,ARICA OFICINA,Vigentes,360557,7956456,013,0131,01310,Rio San Jose,Rio San Jose,Rio San Jose,15,15,Arica y Parinacota,151,151,Arica,15101,15101,Arica
461,1,01310019-5,AZAPA,Vigentes,375451,7952288,013,0131,01310,Rio San Jose,Rio San Jose,Rio San Jose,15,15,Arica y Parinacota,151,151,Arica,15101,15101,Arica
462,1,01700010-1,HUARA EN FUERTE BAQUEDANO,Vigentes,421635,7773836,017,0170,01700,Pampa del Tamarugal,Pampa del Tamarugal,Pampa del Tamarugal,01,1,Tarapacá,014,14,Tamarugal,01401,1401,Pozo Almonte
463,1,01740001-0,PARCA,Vigentes,478835,7787266,017,0174,01740,Quebradas de Chipisca y de Choja,Pampa del Tamarugal,Quebrada de Quipisca,01,1,Tarapacá,014,14,Tamarugal,01401,1401,Pozo Almonte
464,1,01740002-9,CERRO COLORADO,Vigentes,471109,7780633,017,0174,01740,Quebradas de Chipisca y de Choja,Pampa del Tamarugal,Quebrada de Quipisca,01,1,Tarapacá,014,14,Tamarugal,01401,1401,Pozo Almonte
465,1,01750003-1,MAMIÑA,Vigentes,477286,7780672,017,0175,01750,"Quebradas Juan Morales, Sagasca y El Tambillo",Pampa del Tamarugal,"Quebradas Juan Morales, Sagasca  y El Tambillo",01,1,Tarapacá,014,14,Tamarugal,01401,1401,Pozo Almonte
466,1,02113005-2,GUATACONDO DGA,Vigentes,494510,7685890,021,0211,02113,Salar de Llamara,Rio Loa,Loa Medio (entre R.  Salado y Q. de Barrera),01,1,Tarapacá,014,14,Tamarugal,01401,1401,Pozo Almonte
467,5,05424005-8,EL COBRE,Vigentes,293993,6384988,054,0542,05424,Estero El Cobre,Rio Aconcagua,Aconcagua Bajo,05,5,Valparaíso,055,55,Quillota,05506,5506,Nogales
468,5,05320001-K,ESTERO QUINTERO EN VALLE ALEGRE,Vigentes,273644,6368492,053,0532,05320,Costeras Entre Estero Catapilco y Rio Aconcagua,Costeras Ligua-Aconcagua,Costeras entre Estero Catapilco y Rio Aconcagua,05,5,Valparaíso,051,51,Valparaíso,05105,5105,Puchuncaví
469,5,05423013-3,ESTERO RABUCO,Vigentes,301556,6362964,054,0542,05423,Rio Aconcagua Entre Estero Los Loros y Estero El Cobre,Rio Aconcagua,Aconcagua Bajo,05,5,Valparaíso,055,55,Quillota,05503,5503,Hijuelas
470,5,05425003-7,LO ROJAS,Vigentes,289306,6367129,054,0542,05425,Rio Aconcagua Entre Estero El Cobre y Bajo Quebrada El Ajo,Rio Aconcagua,Aconcagua Bajo,05,5,Valparaíso,055,55,Quillota,05504,5504,La Cruz
471,9,09437002-7,RIO TOLTEN EN TEODORO SCHMIDT,Vigentes,665981,5679884,094,0943,09437,Rio Tolten Entre Estero Danquil y Estero Neicuf,Rio Tolten,Tolten Bajo,09,9,La Araucanía,091,91,Cautín,09118,9118,Toltén
472,9,09438001-4,TEODORO SCHMITD,Vigentes,666264,5678680,094,0943,09437,Rio Tolten Entre Estero Danquil y Estero Neicuf,Rio Tolten,Tolten Bajo,09,9,La Araucanía,091,91,Cautín,09118,9118,Toltén
473,9,09439001-K,TOLTEN,Vigentes,658758,5662046,094,0943,09439,Rio Tolten Entre Estero Neicuf y Desembocadura,Rio Tolten,Tolten Bajo,09,9,La Araucanía,091,91,Cautín,09118,9118,Toltén
474,9,09417001-K,LAGO CABURGUA,Vigentes,260612,5658705,094,0941,09417,Lago Caburgua y Rio Carrileufu en junta Rio Pucon,Rio Tolten,Rio Pucon,09,9,La Araucanía,091,91,Cautín,09115,9115,Pucón
475,9,09416002-2,LAGO TINQUILCO,Vigentes,263997,5660514,094,0941,09416,Rio Liucura,Rio Tolten,Rio Pucon,09,9,La Araucanía,091,91,Cautín,09115,9115,Pucón
476,9,09420002-4,PUCON,Vigentes,247613,5647035,094,0941,09418,Rio Pucon Entre Rio Curileufu y Desembocadura  Lago Villarrica,Rio Tolten,Rio Pucon,09,9,La Araucanía,091,91,Cautín,09115,9115,Pucón
477,9,09414002-1,LLAFENCO,Vigentes,257101,5642523,094,0941,09414,Rio Pucon entre Rio Cavisani y Rio Curileufu,Rio Tolten,Rio Pucon,09,9,La Araucanía,091,91,Cautín,09115,9115,Pucón
478,9,09420003-2,VILLARRICA,Vigentes,733571,5655573,094,0942,09421,Rio Tolten Entre Desague Lago Villarrica y Rio Pedregoso,Rio Tolten,Lago Villarica y Tolten Alto,09,9,La Araucanía,091,91,Cautín,09120,9120,Villarrica
479,9,10106003-9,LICAN-RAY,Vigentes,739085,5636724,101,1013,10130,Rio Cruces (San Jose) Bajo Estero Niguen,Rio Valdivia,Rio Cruces,09,9,La Araucanía,091,91,Cautín,09120,9120,Villarrica
480,10,10106013-6,ESTERO TRALCO,Vigentes,242964,5617374,101,1010,10106,Desague Lago Calafquen desde Desembocadura Lago Co¤aripe,Rio Valdivia,Rio Valdivia Alto (hasta desague Lago Panguipulli),14,14,Los Ríos,141,141,Valdivia,14108,14108,Panguipulli
481,10,10106014-4,ESTERO COLLICO EN PUCURA,Vigentes,752513,5622030,101,1010,10106,Desague Lago Calafquen desde Desembocadura Lago Co¤aripe,Rio Valdivia,Rio Valdivia Alto (hasta desague Lago Panguipulli),14,14,Los Ríos,141,141,Valdivia,14108,14108,Panguipulli
482,10,10106001-2,COÑARIPE,Vigentes,757256,5613700,101,1010,10105,Rio Co¤aripe en Desembocadura Lago Calafquen,Rio Valdivia,Rio Valdivia Alto (hasta desague Lago Panguipulli),14,14,Los Ríos,141,141,Valdivia,14108,14108,Panguipulli
483,10,10102002-9,LIQUIÑE,Vigentes,255436,5598536,101,1010,10102,Rio Llizan en junta Rio Reyehueico,Rio Valdivia,Rio Valdivia Alto (hasta desague Lago Panguipulli),14,14,Los Ríos,141,141,Valdivia,14108,14108,Panguipulli
484,10,10106002-0,LAGO CALAFQUEN,Vigentes,746258,5618836,101,1010,10107,Rio Guanehue Entre Desague Lago Calafquen y Lago Panguipulli,Rio Valdivia,Rio Valdivia Alto (hasta desague Lago Panguipulli),14,14,Los Ríos,141,141,Valdivia,14108,14108,Panguipulli
485,10,10107003-4,CANAL HUENINCA EN DESAGÜE LAGO CALAFQUEN,Vigentes,748350,5618214,101,1010,10107,Rio Guanehue Entre Desague Lago Calafquen y Lago Panguipulli,Rio Valdivia,Rio Valdivia Alto (hasta desague Lago Panguipulli),14,14,Los Ríos,141,141,Valdivia,14108,14108,Panguipulli
486,10,10111002-8,LAGO RIÑIHUE,Vigentes,718105,5594216,101,1011,10111,Lago Ri¤ihue,Rio Valdivia,R. San Pedro (Entre desague L. Panguipulli y Bajo R. Quinchilca),14,14,Los Ríos,141,141,Valdivia,14108,14108,Panguipulli
487,10,10100002-8,RIO FUI EN DESAGÜE LAGO PIRIHUEICO,Vigentes,252706,5582185,101,1010,10100,Desague Lago Pirehueico,Rio Valdivia,Rio Valdivia Alto (hasta desague Lago Panguipulli),14,14,Los Ríos,141,141,Valdivia,14108,14108,Panguipulli
488,10,10100004-4,PIRIHUEICO EN PIRIHUEICO,Vigentes,269570,5559328,101,1010,10100,Desague Lago Pirehueico,Rio Valdivia,Rio Valdivia Alto (hasta desague Lago Panguipulli),14,14,Los Ríos,141,141,Valdivia,14108,14108,Panguipulli
489,10,10100005-2,PIRIHUEICO EN PTO. FUY,Vigentes,252866,5582532,101,1010,10100,Desague Lago Pirehueico,Rio Valdivia,Rio Valdivia Alto (hasta desague Lago Panguipulli),14,14,Los Ríos,141,141,Valdivia,14108,14108,Panguipulli
490,10,10110002-2,RIO ENCO EN DESAGÜE LAGO PANGUIPULLI,Vigentes,745014,5583439,101,1011,10110,Rio Enco,Rio Valdivia,R. San Pedro (Entre desague L. Panguipulli y Bajo R. Quinchilca),14,14,Los Ríos,141,141,Valdivia,14108,14108,Panguipulli
491,10,10704002-1,RIO FUTALEUFU ANTE JUNTA RIO MALITO,Vigentes,733845,5184770,107,1070,10704,Rio Futaleufu entre arriba Rio Azul y Lago Yelcho,Rio Yelcho,Rio Futaleufu,10,10,Los Lagos,104,104,Palena,10404,10404,Palena
492,10,10704001-3,PALENA,Vigentes,273868,5167405,110,1102,11020,Rio Palena entre frontera y bajo Rio Salto o Tigre,Rio Palena y Costeras Limite Decima Region,Rio Palena entre Frontera y Rio Rosselot,10,10,Los Lagos,104,104,Palena,10404,10404,Palena
493,11,11031001-3,LAGO VERDE,Vigentes,272670,5097538,110,1103,11031,Laguna Verde y Rio Figueroa Hasta Rio Pico,Rio Palena y Costeras Limite Decima Region,Rio Rosselot,11,11,Aysén del General Carlos Ibáñez del Campo,111,111,Coihayque,11102,11102,Lago Verde
494,11,11140001-6,RIO CISNES,Vigentes,316560,5070224,111,1114,11140,Rio Cisnes Bajo Estero La Turbina,Costeras e Islas entre R.Palena y R.Aisen,Rio Cisnes,11,11,Aysén del General Carlos Ibáñez del Campo,111,111,Coihayque,11102,11102,Lago Verde
495,11,11144002-6,CISNES MEDIO,Vigentes,240877,5048678,111,1114,11147,Rio Cisnes Entre Rio Grande Esperanza y Desembocadura,Costeras e Islas entre R.Palena y R.Aisen,Rio Cisnes,11,11,Aysén del General Carlos Ibáñez del Campo,111,111,Coihayque,11102,11102,Lago Verde
496,11,11147003-0,PUERTO CISNES,Vigentes,277146,5050711,111,1114,11143,Rio Cisnes entre Rio Caceres y bajo Arroyo Quemas,Costeras e Islas entre R.Palena y R.Aisen,Rio Cisnes,11,11,Aysén del General Carlos Ibáñez del Campo,111,111,Coihayque,11102,11102,Lago Verde
497,11,11300001-5,ESTANCIA BAÑO NUEVO,Vigentes,301767,4984102,113,1130,11300,Rio Goichel o Nireguao hasta Rio Norte,Rio Aisen,Rio Maniguales,11,11,Aysén del General Carlos Ibáñez del Campo,111,111,Coihayque,11101,11101,Coihayque
498,11,11302002-4,ÑIREHUAO,Vigentes,287446,4983444,113,1130,11302,Rio Nireguao entre Rio Norte y Rio Picaflor,Rio Aisen,Rio Maniguales,11,11,Aysén del General Carlos Ibáñez del Campo,111,111,Coihayque,11101,11101,Coihayque
499,11,11307002-1,VILLA ORTEGA,Vigentes,266633,4971463,113,1130,11307,Rio Emperador Guillermo,Rio Aisen,Rio Maniguales,11,11,Aysén del General Carlos Ibáñez del Campo,111,111,Coihayque,11101,11101,Coihayque
500,11,11316004-7,COYHAIQUE ALTO,Vigentes,296460,4960351,113,1131,11316,Rio Coihaique,Rio Aisen,Rio Simpson,11,11,Aysén del General Carlos Ibáñez del Campo,111,111,Coihayque,11101,11101,Coihayque
501,11,11316003-9,COYHAIQUE (ESCUELA AGRICOLA),Vigentes,732010,4949233,113,1131,11316,Rio Coihaique,Rio Aisen,Rio Simpson,11,11,Aysén del General Carlos Ibáñez del Campo,111,111,Coihayque,11101,11101,Coihayque
502,11,11317001-8,RIO SIMPSON BAJO JUNTA COYHAIQUE,Vigentes,728844,4951583,113,1131,11316,Rio Coihaique,Rio Aisen,Rio Simpson,11,11,Aysén del General Carlos Ibáñez del Campo,111,111,Coihayque,11101,11101,Coihayque
503,11,11317005-0,COYHAIQUE CONAF,Vigentes,729985,4951860,113,1131,11316,Rio Coihaique,Rio Aisen,Rio Simpson,11,11,Aysén del General Carlos Ibáñez del Campo,111,111,Coihayque,11101,11101,Coihayque
504,11,11310003-6,RIO BLANCO CHICO ANTES JUNTA OSCURO,Vigentes,288629,4914439,113,1131,11310,Vertiente chilena del rio Simpson en la frontera,Rio Aisen,Rio Simpson,11,11,Aysén del General Carlos Ibáñez del Campo,111,111,Coihayque,11101,11101,Coihayque
505,11,11304001-7,VILLA MAÑIHUALES,Vigentes,723700,4892983,115,1150,11503,Rio Iba¤ez Entre Estero Manso y Bajo Estero Limpio,Rio Baker,R. Ibañez,11,11,Aysén del General Carlos Ibáñez del Campo,114,114,General Carrera,11402,11402,Río Ibáñez
506,11,11503001-9,VILLA CERRO CASTILLO,Vigentes,719541,4888563,115,1150,11503,Rio Iba¤ez Entre Estero Manso y Bajo Estero Limpio,Rio Baker,R. Ibañez,11,11,Aysén del General Carlos Ibáñez del Campo,114,114,General Carrera,11402,11402,Río Ibáñez
507,11,11505001-K,RIO IBAÑEZ EN DESEMBOCADURA,Vigentes,269692,4871772,115,1150,11505,Rio Iba¤ez Entre Estero Limpio y Desembocadura,Rio Baker,R. Ibañez,11,11,Aysén del General Carlos Ibáñez del Campo,114,114,General Carrera,11402,11402,Río Ibáñez
508,11,11513001-3,BAHIA MURTA,Vigentes,678727,4852681,115,1151,11513,Costeras entre Rio Avellano y Rio Murta,Rio Baker,Vertiente N.  Lago J. Miguel Carrera (Exc.  R. Iba¤ez),11,11,Aysén del General Carlos Ibáñez del Campo,114,114,General Carrera,11402,11402,Río Ibáñez
509,11,11521002-5,CHILE CHICO,Vigentes,293045,4842028,115,1152,11521,Costeras entre Rio Jeinemeni y Rio San Jose,Rio Baker,Vertiente Sur Lago Jose Miguel Carrera,11,11,Aysén del General Carlos Ibáñez del Campo,114,114,General Carrera,11401,11401,Chile Chico
510,11,11521005-K,LAGO GENERAL CARRERA FACHINAL,Vigentes,712642,4841838,115,1152,11521,Costeras entre Rio Jeinemeni y Rio San Jose,Rio Baker,Vertiente Sur Lago Jose Miguel Carrera,11,11,Aysén del General Carlos Ibáñez del Campo,114,114,General Carrera,11401,11401,Chile Chico
511,11,11420000-K,RIO EXPLORADORES EN NACIMIENTO,Vigentes,641910,4848389,114,1142,11420,Rio Norte hasta Ventisquero Exploradores,Costeras e Islas entre R Aisen y R Baker y Canal Gral. Martinez,Rio Exploradores,11,11,Aysén del General Carlos Ibáñez del Campo,114,114,General Carrera,11401,11401,Chile Chico
512,11,11523001-8,PUERTO GUADAL,Vigentes,674924,4809774,115,1152,11523,Costeras Entre Rio San Jose y Desague Lago Jose Miguel Carrera,Rio Baker,Vertiente Sur Lago Jose Miguel Carrera,11,11,Aysén del General Carlos Ibáñez del Campo,114,114,General Carrera,11401,11401,Chile Chico
513,11,11523002-6,LAGO GENERAL CARRERA EN PUERTO GUADAL,Vigentes,675572,4809818,115,1152,11523,Costeras Entre Rio San Jose y Desague Lago Jose Miguel Carrera,Rio Baker,Vertiente Sur Lago Jose Miguel Carrera,11,11,Aysén del General Carlos Ibáñez del Campo,114,114,General Carrera,11401,11401,Chile Chico
514,11,11517002-3,LAGO GENERAL CARRERA EN DESAGÜE,Vigentes,667488,4809556,115,1151,11517,Costeras Entre Rio Delta y Desague Lago Jose Miguel Carrera,Rio Baker,Vertiente N.  Lago J. Miguel Carrera (Exc.  R. Iba¤ez),11,11,Aysén del General Carlos Ibáñez del Campo,114,114,General Carrera,11401,11401,Chile Chico
515,12,12640001-2,TENIENTE MERINO,Vigentes,380988,4234736,126,1264,12640,Rio Gallegos Chico,Vertiente del Atlantico,Rio Gallegos Chico,12,12,Magallanes y de la Antártica Chilena,121,121,Magallanes,12104,12104,San Gregorio
516,12,12680001-0,MONTE AYMOND,Vigentes,447507,4224868,126,1267,12670,Cagnadon Seco,Vertiente del Atlantico,Cañadon Seco,12,12,Magallanes y de la Antártica Chilena,121,121,Magallanes,12104,12104,San Gregorio
517,12,12530001-4,SAN GREGORIO,Vigentes,427467,4175463,125,1253,12530,Canal Chorrillos Kimir Aiki - Cañadon Grande,"Costeras entre Lag.  Blanca(inc), Seno Otway, canal Jeronimo y Magallanes",Costeras entre R. Santa Susana y Chorrillo Kimiri Aike,12,12,Magallanes y de la Antártica Chilena,121,121,Magallanes,12104,12104,San Gregorio
518,5,05500003-4,LAS SALINAS,Vigentes,262063,6345560,055,0550,05500,Estero Marga-Marga,Costeras entre Aconcagua y Maipo,E. Marga-Marga,05,5,Valparaíso,051,51,Valparaíso,05109,5109,Viña del Mar
519,5,05500001-8,LAS PIEDRAS,Vigentes,284375,6329079,055,0550,05500,Estero Marga-Marga,Costeras entre Aconcagua y Maipo,E. Marga-Marga,05,5,Valparaíso,058,58,Marga Marga,05801,5801,Quilpué
520,5,05741002-7,COLLIGUAY,Vigentes,299845,6327982,057,0574,05741,Estero Puangue Antes Estero Caren,Rio Maipo,Rio Maipo Bajo (Entre Rio Mapocho y Desembocadura),05,5,Valparaíso,058,58,Marga Marga,05801,5801,Quilpué
521,5,05520001-7,CASABLANCA,Vigentes,275618,6310298,055,0552,05520,Costeras entre Estero Casablanca y Estero San Jeronimo (Incl.),Costeras entre Aconcagua y Maipo,E. Casablanca y E.  San Jeronimo (Incl.),05,5,Valparaíso,051,51,Valparaíso,05102,5102,Casablanca
522,5,05520002-5,TAPIHUE,Vigentes,286808,6314132,055,0552,05520,Costeras entre Estero Casablanca y Estero San Jeronimo (Incl.),Costeras entre Aconcagua y Maipo,E. Casablanca y E.  San Jeronimo (Incl.),05,5,Valparaíso,051,51,Valparaíso,05102,5102,Casablanca
523,5,05530003-8,LAGUNILLAS,Vigentes,271822,6296425,055,0553,05530,Estero del Rosario (Incl.) a Rio Maipo,Costeras entre Aconcagua y Maipo,E. del Rosario (Incl.) a R. Maipo,05,5,Valparaíso,051,51,Valparaíso,05102,5102,Casablanca
524,13,05744002-3,LOS PANGUILES,Vigentes,311733,6298233,057,0574,05744,Estero Puangue Entre Estero Sin Nombre y Bajo Junta Estero Amestica,Rio Maipo,Rio Maipo Bajo (Entre Rio Mapocho y Desembocadura),13,13,Metropolitana de Santiago,135,135,Melipilla,13503,13503,Curacaví
525,12,12622001-4,RIO PENITENTE EN MORRO CHICO,Vigentes,334761,4231243,126,1262,12622,Rio Penitente entre Rio del Medio y frontera,Vertiente del Atlantico,Rio Penitente,12,12,Magallanes y de la Antártica Chilena,121,121,Magallanes,12102,12102,Laguna Blanca
526,12,12622002-2,VILLA TEHUELCHE,Vigentes,335730,4188615,125,1250,12500,Laguna Blanca,"Costeras entre Lag.  Blanca(inc), Seno Otway, canal Jeronimo y Magallanes",Laguna Blanca,12,12,Magallanes y de la Antártica Chilena,121,121,Magallanes,12102,12102,Laguna Blanca
527,12,12803000-K,BAHIA LOMAS,Vigentes,478376,4178051,128,1280,12803,Costeras entre Rio Side y Punta Anegada,Tierra del Fuego,"Costeras del Estrecho Magallanes, entre Frontera y Cabo Monmouth",12,12,Magallanes y de la Antártica Chilena,123,123,Tierra del Fuego,12302,12302,Primavera
528,12,12802001-2,RIO SIDE EN CERRO SOMBRERO,Vigentes,480819,4153504,128,1280,12802,Rio Side,Tierra del Fuego,"Costeras del Estrecho Magallanes, entre Frontera y Cabo Monmouth",12,12,Magallanes y de la Antártica Chilena,123,123,Tierra del Fuego,12302,12302,Primavera
529,12,12802002-0,CERRO SOMBRERO,Vigentes,480631,4152798,128,1280,12802,Rio Side,Tierra del Fuego,"Costeras del Estrecho Magallanes, entre Frontera y Cabo Monmouth",12,12,Magallanes y de la Antártica Chilena,123,123,Tierra del Fuego,12302,12302,Primavera
530,12,12806004-9,BAHIA SAN FELIPE,Vigentes,436216,4140406,128,1280,12807,"Peninsula Juan Mazia, Entre Rio del Oro y Rio Verde",Tierra del Fuego,"Costeras del Estrecho Magallanes, entre Frontera y Cabo Monmouth",12,12,Magallanes y de la Antártica Chilena,123,123,Tierra del Fuego,12302,12302,Primavera
531,10,10901003-0,CHONCHI,Vigentes,600695,5280855,109,1090,10901,Costeras Vertiente este Entre Estero San Juan y Punta Ahoni,Islas Chiloe y Circundantes,Isla Chiloe,10,10,Los Lagos,102,102,Chiloé,10203,10203,Chonchi
532,10,10906004-6,CUCAO,Vigentes,573110,5280496,109,1090,10906,Costera Vertiente Oeste Entre Rio Cucao (Incluido) y Rio Medina (Incluido),Islas Chiloe y Circundantes,Isla Chiloe,10,10,Los Lagos,102,102,Chiloé,10203,10203,Chonchi
533,2,02240000-2,LICEO CIENTÍFICO HUMANISTA LA CHIMBA,Vigentes,357783,7394375,022,0224,02240,Costeras Entre Quebrada Chacaya y Quebrada Caracoles,Costeras R.Loa-Q.Caracoles,Costeras entre Q. Chacaya y Q. Caracoles,02,2,Antofagasta,021,21,Antofagasta,02101,2101,Antofagasta
534,2,02240001-0,ESCUELA FUNDACIÓN MINERA ESCONDIDA,Vigentes,360200,7387754,022,0224,02240,Costeras Entre Quebrada Chacaya y Quebrada Caracoles,Costeras R.Loa-Q.Caracoles,Costeras entre Q. Chacaya y Q. Caracoles,02,2,Antofagasta,021,21,Antofagasta,02101,2101,Antofagasta
535,2,02240002-9,QUEBRADA LA CHIMBA,Vigentes,357589,7393912,022,0224,02240,Costeras Entre Quebrada Chacaya y Quebrada Caracoles,Costeras R.Loa-Q.Caracoles,Costeras entre Q. Chacaya y Q. Caracoles,02,2,Antofagasta,021,21,Antofagasta,02101,2101,Antofagasta
536,2,02240003-7,QUEBRADA BONILLA,Vigentes,359770,7391257,022,0224,02240,Costeras Entre Quebrada Chacaya y Quebrada Caracoles,Costeras R.Loa-Q.Caracoles,Costeras entre Q. Chacaya y Q. Caracoles,02,2,Antofagasta,021,21,Antofagasta,02101,2101,Antofagasta
537,2,02240004-5,QUEBRADA FARELLONES,Vigentes,360200,7387754,022,0224,02240,Costeras Entre Quebrada Chacaya y Quebrada Caracoles,Costeras R.Loa-Q.Caracoles,Costeras entre Q. Chacaya y Q. Caracoles,02,2,Antofagasta,021,21,Antofagasta,02101,2101,Antofagasta
538,2,02710003-1,ANTOFAGASTA,Vigentes,358534,7389666,022,0224,02240,Costeras Entre Quebrada Chacaya y Quebrada Caracoles,Costeras R.Loa-Q.Caracoles,Costeras entre Q. Chacaya y Q. Caracoles,02,2,Antofagasta,021,21,Antofagasta,02101,2101,Antofagasta
539,2,02240005-3,QUEBRADA LA CADENA,Vigentes,359732,7386365,027,0271,02710,Quebrada Caracoles Entre Quebrada El Buitre y Salar del Carmen,Quebrada Caracoles,Q. Caracoles entre Quebrada El Buitre y  Salar del Carmen,02,2,Antofagasta,021,21,Antofagasta,02101,2101,Antofagasta
540,2,02760000-K,QUEBRADA EL TORO,Vigentes,357622,7381792,027,0276,02760,Quebrada Caracoles Entre Salares Navidad y del Carmen (Inclusive) y Desembocadura,Quebrada Caracoles,Q. Caracoles entre Salares Navidad y del Carmen (inclusive) y desembocadura,02,2,Antofagasta,021,21,Antofagasta,02101,2101,Antofagasta
541,2,02900000-K,UNIVERSIDAD DE ANTOFAGASTA,Vigentes,355138,7378045,028,0282,02820,Quebrada La Negra Entre Quebrada Grande y Desembocadura,Quebrada la Negra,Q. La Negra (de Mateo) entre Q. Grande y desembocadura,02,2,Antofagasta,021,21,Antofagasta,02101,2101,Antofagasta
542,2,02900001-8,QUEBRADA JARDINES DEL SUR,Vigentes,355138,7378045,028,0282,02820,Quebrada La Negra Entre Quebrada Grande y Desembocadura,Quebrada la Negra,Q. La Negra (de Mateo) entre Q. Grande y desembocadura,02,2,Antofagasta,021,21,Antofagasta,02101,2101,Antofagasta
543,2,02650001-K,SALAR DE PUNTA NEGRA,Vigentes,507342,7285332,026,0265,02650,Salar Punta Negra,Endorreicas Salar Atacama-Vertiente Pacifico,Salar Punta Negra,02,2,Antofagasta,021,21,Antofagasta,02101,2101,Antofagasta
544,2,02650002-8,QUEBRADA GUANAQUEROS,Vigentes,545305,7296794,026,0265,02650,Salar Punta Negra,Endorreicas Salar Atacama-Vertiente Pacifico,Salar Punta Negra,02,2,Antofagasta,021,21,Antofagasta,02101,2101,Antofagasta
545,10,10425001-7,PUERTO MONTT,Vigentes,671522,5407833,104,1041,10411,Rio Maullin Entre Desague Lago Llanquihue y Rio Calabozo,Cuencas e Islas entre R.Bueno y R. Puelo,Rio Maullin,10,10,Los Lagos,101,101,Llanquihue,10101,10101,Puerto Montt
546,10,10430001-4,LAGO CHAPO,Vigentes,700916,5412232,104,1043,10431,Rio Chamiza Entre Desague Lago Chapo y Bajo Estero Pangal,Cuencas e Islas entre R.Bueno y R. Puelo,Rio Chamiza,10,10,Los Lagos,101,101,Llanquihue,10101,10101,Puerto Montt
547,10,10430005-7,LAGO CHAPO (LM),Vigentes,702367,5410233,104,1043,10430,Lago Chapo,Cuencas e Islas entre R.Bueno y R. Puelo,Rio Chamiza,10,10,Los Lagos,101,101,Llanquihue,10101,10101,Puerto Montt
548,10,10432006-6,PRUEBA GPRS9,Vigentes,677627,5403499,104,1042,10425,Costeras entre Punta Ilque y Rio Chamiza,Cuencas e Islas entre R.Bueno y R. Puelo,Costeras e Islas entre Rio Maullin y Rio Chamiza,10,10,Los Lagos,101,101,Llanquihue,10101,10101,Puerto Montt
549,10,10901004-9,CASTRO 2  (DOH),Vigentes,600760,5296177,109,1090,10901,Costeras Vertiente este Entre Estero San Juan y Punta Ahoni,Islas Chiloe y Circundantes,Isla Chiloe,10,10,Los Lagos,102,102,Chiloé,10201,10201,Castro
550,2,02942001-7,AGUAS VERDES,Vigentes,403184,7190296,029,0294,02942,Quebrada Taltal Entre Quebrada del Chaco y Bajo Junta Quebrada Corcovado,Costeras entre Q. la Negra y Q. Pan de Azucar,Quebrada de Taltal,02,2,Antofagasta,021,21,Antofagasta,02104,2104,Taltal
551,2,02943001-2,TAL-TAL,Vigentes,350495,7189132,029,0294,02943,Quebrada Taltal Entre Quebrada Corcovado y Desembocadura,Costeras entre Q. la Negra y Q. Pan de Azucar,Quebrada de Taltal,02,2,Antofagasta,021,21,Antofagasta,02104,2104,Taltal
552,2,02943002-0,TAL-TAL (DCP),Vigentes,351156,7189527,029,0294,02943,Quebrada Taltal Entre Quebrada Corcovado y Desembocadura,Costeras entre Q. la Negra y Q. Pan de Azucar,Quebrada de Taltal,02,2,Antofagasta,021,21,Antofagasta,02104,2104,Taltal
553,2,02943003-9,QUEBRADA TALTAL,Vigentes,351156,7189527,029,0294,02943,Quebrada Taltal Entre Quebrada Corcovado y Desembocadura,Costeras entre Q. la Negra y Q. Pan de Azucar,Quebrada de Taltal,02,2,Antofagasta,021,21,Antofagasta,02104,2104,Taltal
554,10,10350001-K,FRESIA,Vigentes,633123,5442566,103,1035,10350,Rio Toro bajo junta Rio Norte,Rio Bueno,Rio Negro,10,10,Los Lagos,101,101,Llanquihue,10104,10104,Fresia
555,2,02210002-5,TOCOPILLA,Vigentes,377864,7557328,022,0221,02210,Costeras Entre Quebrada Iquine y Quebrada Tocopila (Inclusive),Costeras R.Loa-Q.Caracoles,Costeras entre Q. Iquine y Q.Tocopilla (inclusive),02,2,Antofagasta,023,23,Tocopilla,02301,2301,Tocopilla
556,2,02210003-3,QUEBRADA BARRILES,Vigentes,377912,7557812,022,0221,02210,Costeras Entre Quebrada Iquine y Quebrada Tocopila (Inclusive),Costeras R.Loa-Q.Caracoles,Costeras entre Q. Iquine y Q.Tocopilla (inclusive),02,2,Antofagasta,023,23,Tocopilla,02301,2301,Tocopilla
557,12,12809001-0,PORVENIR,Vigentes,408721,4094140,128,1280,12809,Costeras entre A. de la Puerta y Cabo Monmouth,Tierra del Fuego,"Costeras del Estrecho Magallanes, entre Frontera y Cabo Monmouth",12,12,Magallanes y de la Antártica Chilena,123,123,Tierra del Fuego,12301,12301,Porvenir
558,12,12815001-3,ONAISIN EN MARIA CRISTINA,Vigentes,482138,4093651,128,1281,12814,Costeras entre Cta. Puerto Nuevo y Rio Pantanos,Tierra del Fuego,Costeras Bahia Inutil (entre Cabo Monmouth y Cabo Nose),12,12,Magallanes y de la Antártica Chilena,123,123,Tierra del Fuego,12301,12301,Porvenir
559,12,12863001-5,SAN SEBASTIAN,Vigentes,522597,4091997,128,1286,12863,Rio San Martin Hasta Frontera,Tierra del Fuego,Cuencas Atlanticas hasta Frontera entre Arroyo Alfa (incl.) y Afluentes R. Grande (Arg.),12,12,Magallanes y de la Antártica Chilena,123,123,Tierra del Fuego,12301,12301,Porvenir
560,8,08240000-1,FARO ISLA QUIRIQUINA,Vigentes,674407,5946800,082,0824,08240,Isla Quiriquina,Costeras e Islas entre Rio Itata y Rio Bio-Bio,Isla Quiriquina,08,8,Biobío,081,81,Concepción,08110,8110,Talcahuano
561,8,08230000-7,GOBERNACION MARITIMA DE TALCAHUANO,Vigentes,668501,5935881,082,0823,08230,Costeras entre Rio Andalien y Rio Bio-Bio,Costeras e Islas entre Rio Itata y Rio Bio-Bio,Costeras entre Rio Andalien Y Rio Bio-Bio,08,8,Biobío,081,81,Concepción,08110,8110,Talcahuano
562,10,10141001-3,CATAMUTUN,Vigentes,655957,5552187,101,1014,10141,Rio Futa Bajo Estero Catamatun,Rio Valdivia,R. Valdivia Bajo,14,14,Los Ríos,142,142,Ranco,14201,14201,La Unión
563,10,10313001-8,RIO LLOLLELHUE EN LA UNION,Vigentes,662632,5536945,103,1031,10313,Rio Llollehue Entre Estero Cu¤o Cu¤o y Rio Bueno,Rio Bueno,Rio Bueno entre Lago Ranco y Rio Pilmaiquen,14,14,Los Ríos,142,142,Ranco,14201,14201,La Unión
564,10,10372001-K,VENECIA,Vigentes,633550,5549527,103,1037,10370,Rio Bueno entre Rio Rahue y Laguna de La Trinidad,Rio Bueno,R.  Bueno Bajo,14,14,Los Ríos,142,142,Ranco,14201,14201,La Unión
565,3,03340001-2,CALDERA,Vigentes,319788,7004692,033,0334,03340,Costeras Entre Quebrada del Morado y Rio Copiapo,Costeras e Islas R.Salado-R.Copiapo,Costeras entre Quebrada del Morado y Rio Copiapo,03,3,Atacama,031,31,Copiapó,03102,3102,Caldera
566,13,05730016-7,TERRAZA OFICINAS CENTRALES DGA,Vigentes,347173,6297768,057,0573,05730,Rio Mapocho Entre Estero de Las Rosas y Estero Lampa y Bajo Zanjon de la Aguada,Rio Maipo,Mapocho Bajo,13,13,Metropolitana de Santiago,131,131,Santiago,13101,13101,Santiago
567,8,08520000-3,CARANPANGUE,Vigentes,655867,5875292,085,0852,08520,Rio Lia,Rio Carampangue,Rio Lia,08,8,Biobío,082,82,Arauco,08202,8202,Arauco
568,1,01044001-7,RIO CANCOSA EN EL TAMBO,Vigentes,543146,7804320,010,0104,01044,Rio Sacaya,Altiplanicas,Entre Estero Sencata y Rio Sacaya,01,1,Tarapacá,014,14,Tamarugal,01405,1405,Pica
569,1,01050004-4,RIO COLLACAGUA EN PEÑABLANCA,Vigentes,516357,7777125,010,0105,01050,R.  Collacagua,Altiplanicas,Salar Del Huasco,01,1,Tarapacá,014,14,Tamarugal,01405,1405,Pica
570,1,01050007-9,COYACAGUA,Vigentes,517753,7784315,010,0105,01050,R.  Collacagua,Altiplanicas,Salar Del Huasco,01,1,Tarapacá,014,14,Tamarugal,01405,1405,Pica
571,1,01050009-5,DIABLO MARCA,Vigentes,503346,7776951,010,0105,01050,R.  Collacagua,Altiplanicas,Salar Del Huasco,01,1,Tarapacá,014,14,Tamarugal,01405,1405,Pica
572,1,01050010-9,SILLILLICA,Vigentes,527396,7769927,010,0105,01050,R.  Collacagua,Altiplanicas,Salar Del Huasco,01,1,Tarapacá,014,14,Tamarugal,01405,1405,Pica
573,1,01730018-0,LAGUNILLAS (PAMPA LIRIMA),Vigentes,518466,7796911,010,0105,01050,R.  Collacagua,Altiplanicas,Salar Del Huasco,01,1,Tarapacá,014,14,Tamarugal,01405,1405,Pica
574,1,01051004-K,ALTOS DEL HUASCO,Vigentes,511186,7752947,010,0105,01051,Salar del Huasco,Altiplanicas,Salar Del Huasco,01,1,Tarapacá,014,14,Tamarugal,01405,1405,Pica
575,1,01770002-2,QUEBRADA CAYA,Vigentes,506853,7705149,017,0177,01770,Quebrada de Chacarilla,Pampa del Tamarugal,Quebrada de Chacarilla,01,1,Tarapacá,014,14,Tamarugal,01405,1405,Pica
576,1,01700009-8,COPOSA,Vigentes,530475,7713450,010,0107,01070,Salar de Coposa,Altiplanicas,Salar de Coposa,01,1,Tarapacá,014,14,Tamarugal,01405,1405,Pica
577,1,01080001-3,UJINA,Vigentes,538722,7680944,010,0108,01080,Salar de Michincha,Altiplanicas,Salar de Michincha,01,1,Tarapacá,014,14,Tamarugal,01405,1405,Pica
578,1,02113001-K,RIO HUATACONDO EN COPAQUIRE,Vigentes,511694,7685698,021,0211,02113,Salar de Llamara,Rio Loa,Loa Medio (entre R.  Salado y Q. de Barrera),01,1,Tarapacá,014,14,Tamarugal,01405,1405,Pica
579,13,05730039-6,QUEBRADA DE MACUL,Vigentes,359320,6292012,057,0573,05730,Rio Mapocho Entre Estero de Las Rosas y Estero Lampa y Bajo Zanjon de la Aguada,Rio Maipo,Mapocho Bajo,13,13,Metropolitana de Santiago,131,131,Santiago,13110,13110,La Florida
580,6,06008009-7,CANAL SAUZAL EN PUENTE TERMAS,Vigentes,356748,6210031,060,0600,06008,Rio Cachapoal entre Rio Pangal y Rio Claro,Rio Rapel,Rio Cachapoal Alto (Hasta bajo junta Rio Claro),06,6,Libertador General Bernardo O'Higgins,061,61,Cachapoal,06108,6108,Machalí
581,6,06006001-0,RIO PANGAL EN PANGAL,Vigentes,377203,6209222,060,0600,06006,Rio Pangal entre Rio Blanco y Rio Cachapoal,Rio Rapel,Rio Cachapoal Alto (Hasta bajo junta Rio Claro),06,6,Libertador General Bernardo O'Higgins,061,61,Cachapoal,06108,6108,Machalí
582,6,06003001-4,RIO CACHAPOAL 5 KM. AGUAS ABAJO JUNTA CORTADERAL,Vigentes,374870,6197990,060,0600,06003,Rio Cachapoal entre Rio Cortaderal y Rio Pangal,Rio Rapel,Rio Cachapoal Alto (Hasta bajo junta Rio Claro),06,6,Libertador General Bernardo O'Higgins,061,61,Cachapoal,06108,6108,Machalí
583,6,06003004-9,GLACIAR CIPRESES,Vigentes,370112,6177860,060,0600,06003,Rio Cachapoal entre Rio Cortaderal y Rio Pangal,Rio Rapel,Rio Cachapoal Alto (Hasta bajo junta Rio Claro),06,6,Libertador General Bernardo O'Higgins,061,61,Cachapoal,06108,6108,Machalí
584,6,06000003-4,RIO LAS LEÑAS ANTE JUNTA RIO CACHAPOAL,Vigentes,379964,6196870,060,0600,06000,Rio Cachapoal antes junta Rio Cortaderal,Rio Rapel,Rio Cachapoal Alto (Hasta bajo junta Rio Claro),06,6,Libertador General Bernardo O'Higgins,061,61,Cachapoal,06108,6108,Machalí
585,6,06000004-2,LAGUNA EL YESO,Vigentes,388788,6191905,060,0600,06000,Rio Cachapoal antes junta Rio Cortaderal,Rio Rapel,Rio Cachapoal Alto (Hasta bajo junta Rio Claro),06,6,Libertador General Bernardo O'Higgins,061,61,Cachapoal,06108,6108,Machalí
586,6,06002002-7,LOS PEJERREYES,Vigentes,382389,6187020,060,0600,06002,Rio Cotaderal Entre Laguna Pejerreyes y Rio Cachapoal,Rio Rapel,Rio Cachapoal Alto (Hasta bajo junta Rio Claro),06,6,Libertador General Bernardo O'Higgins,061,61,Cachapoal,06108,6108,Machalí
587,6,06001000-5,GLACIAR CORTADERAL,Vigentes,383606,6163250,060,0600,06001,Rio Cortaderal en desembocadura Laguna Pejerreyes,Rio Rapel,Rio Cachapoal Alto (Hasta bajo junta Rio Claro),06,6,Libertador General Bernardo O'Higgins,061,61,Cachapoal,06108,6108,Machalí
588,9,08343001-K,RIO MININCO EN LONGITUDINAL,Vigentes,729380,5806157,083,0834,08343,Rio Mininco,Rio Bio-Bio,Rio Renaico,09,9,La Araucanía,092,92,Malleco,09202,9202,Collipulli
589,9,08343002-8,ENCIMAR MALLECO,Vigentes,753083,5778673,083,0834,08343,Rio Mininco,Rio Bio-Bio,Rio Renaico,09,9,La Araucanía,092,92,Malleco,09202,9202,Collipulli
590,9,08351001-3,RIO MALLECO EN COLLIPULLI,Vigentes,725267,5794997,083,0835,08351,Rio Malleco Entre Rio Niblinto y Estero Cherquenco,Rio Bio-Bio,Rios Malleco y Vergara,09,9,La Araucanía,092,92,Malleco,09202,9202,Collipulli
591,8,08822008-0,CONTULMO,Vigentes,655354,5790665,088,0882,08822,Rio Peleco Entre Junta Rios Tucapel y Leiva y Desague Lago Lanalhue,Costeras Lebu-Paicavi,Rio Paicavi,08,8,Biobío,082,82,Arauco,08204,8204,Contulmo
592,9,09114001-2,LA CABAÑA,Vigentes,665411,5732358,091,0915,09151,Rio Las Damas,Rio Imperial,Rio Imperial,09,9,La Araucanía,091,91,Cautín,09102,9102,Carahue
593,9,09151001-4,CARAHUE,Vigentes,661057,5713466,091,0915,09150,Rio Imperial entre Junta Rios Cautin y Chol Chol y Rio Las Damas,Rio Imperial,Rio Imperial,09,9,La Araucanía,091,91,Cautín,09102,9102,Carahue
594,9,08307002-1,RIO BIO-BIO EN LLANQUEN,Vigentes,298706,5769399,083,0830,08307,Rio Bio-Bio Entre Arriba Junta Rio Ranquil y Rio Lamin,Rio Bio-Bio,Rio Bio-Bio Alto (Hasta despues junta Rio Lamin),09,9,La Araucanía,092,92,Malleco,09205,9205,Lonquimay
595,9,08304004-1,LONQUIMAY,Vigentes,292768,5741044,083,0830,08304,Rio Lonquimay,Rio Bio-Bio,Rio Bio-Bio Alto (Hasta despues junta Rio Lamin),09,9,La Araucanía,092,92,Malleco,09205,9205,Lonquimay
596,9,08301001-0,LIUCURA,Vigentes,318026,5720530,083,0830,08301,Rio Bio-Bio Entre Rio Ruca¤uco y Rio Pehuenco,Rio Bio-Bio,Rio Bio-Bio Alto (Hasta despues junta Rio Lamin),09,9,La Araucanía,092,92,Malleco,09205,9205,Lonquimay
597,9,09412002-0,CURARREHUE,Vigentes,277536,5639541,094,0941,09412,Rio Trancura,Rio Tolten,Rio Pucon,09,9,La Araucanía,091,91,Cautín,09104,9104,Curarrehue
598,9,09412003-9,PUESCO (ADUANA),Vigentes,280317,5620899,094,0941,09412,Rio Trancura,Rio Tolten,Rio Pucon,09,9,La Araucanía,091,91,Cautín,09104,9104,Curarrehue
599,12,12000000-4,FIORDOS TEMPANOS,Vigentes,559953,4590488,120,1200,12000,Costeras Canal Mesier Limite Region - Peninsula Exmouth,Costeras entre Limite Region y Seno Andrew,Costeras del Canal Mesier Entre Limite Region y Peninsula Exmouth,12,12,Magallanes y de la Antártica Chilena,124,124,Última Esperanza,12401,12401,Natales
600,12,12125001-2,PUERTO EDEN,Vigentes,543272,4558617,121,1212,12125,Costeras  Orientales  Entre  Fiordo  Beauchamp y Fiordo Veto,Islas entre limite Region y Canal Ancho y Estrecho de la Concepcion,Isla Wellington e Isla entre esta y el Oriente,12,12,Magallanes y de la Antártica Chilena,124,124,Última Esperanza,12401,12401,Natales
601,12,12125002-0,RIO PUNTA EVA EN PUERTO EDEN,Vigentes,542918,4560010,121,1212,12125,Costeras  Orientales  Entre  Fiordo  Beauchamp y Fiordo Veto,Islas entre limite Region y Canal Ancho y Estrecho de la Concepcion,Isla Wellington e Isla entre esta y el Oriente,12,12,Magallanes y de la Antártica Chilena,124,124,Última Esperanza,12401,12401,Natales
602,12,12210000-6,FIORDO AMALIA,Vigentes,586539,4353661,122,1221,12210,Costeras entre Fiordo Calvo y Fiordo Peel,Costeras entre Seno Andrew y R. Hollemberg e islas al oriente,Costeras entre Fiordo Calvo y Fiordo Peel,12,12,Magallanes y de la Antártica Chilena,124,124,Última Esperanza,12401,12401,Natales
603,12,12289001-5,RIO SERRANO EN DESEMBOCADURA,Vigentes,631491,4311005,122,1228,12289,Rio Serrano entre Lago del Toro y desembocadura,Costeras entre Seno Andrew y R. Hollemberg e islas al oriente,Rio Serrano,12,12,Magallanes y de la Antártica Chilena,124,124,Última Esperanza,12401,12401,Natales
604,12,12273000-K,GLACIAR BALMACEDA,Vigentes,632116,4301668,122,1227,12273,Costeras entre Laguna azul y rio serrano,Costeras entre Seno Andrew y R. Hollemberg e islas al oriente,Costeras entre Peninsula Roca y Rio Serrano,12,12,Magallanes y de la Antártica Chilena,124,124,Última Esperanza,12401,12401,Natales
605,12,12271000-9,RIO TALCAHUANO EN PENINSULA ANTONIO VARAS,Vigentes,644760,4264615,122,1227,12271,Costeras del Seno Ultima Esperanza de la Peninsula Antonio Varas,Costeras entre Seno Andrew y R. Hollemberg e islas al oriente,Costeras entre Peninsula Roca y Rio Serrano,12,12,Magallanes y de la Antártica Chilena,124,124,Última Esperanza,12401,12401,Natales
606,12,12400001-7,CASAS VIEJAS,Vigentes,684769,4268925,124,1240,12400,Rio Hollemberg,"Costeras e Islas entre R Hollemberg, Golfo Alte. Laguna Blanca",Costeras del Golfo Almirante Montt y Fiordo Obstruccion,12,12,Magallanes y de la Antártica Chilena,124,124,Última Esperanza,12401,12401,Natales
607,12,12400003-3,RIO TRANQUILO EN RUTA Nº 9,Vigentes,695594,4253449,124,1240,12400,Rio Hollemberg,"Costeras e Islas entre R Hollemberg, Golfo Alte. Laguna Blanca",Costeras del Golfo Almirante Montt y Fiordo Obstruccion,12,12,Magallanes y de la Antártica Chilena,124,124,Última Esperanza,12401,12401,Natales
608,12,12293001-7,PUERTO NATALES,Vigentes,675403,4264919,122,1229,12293,Costeras entre Rio Natales y limite Cuenca,Costeras entre Seno Andrew y R. Hollemberg e islas al oriente,Costeras entre Rio Serrano y Rio Hollenberg,12,12,Magallanes y de la Antártica Chilena,124,124,Última Esperanza,12401,12401,Natales
609,12,12402000-K,LAGO ANIBAL PINTO,Vigentes,675561,4225595,124,1240,12402,Rio Golondrina,"Costeras e Islas entre R Hollemberg, Golfo Alte. Laguna Blanca",Costeras del Golfo Almirante Montt y Fiordo Obstruccion,12,12,Magallanes y de la Antártica Chilena,124,124,Última Esperanza,12401,12401,Natales
610,12,12600001-4,RIO RUBENS EN RUTA N 9,Vigentes,298031,4231169,126,1260,12600,Rio Rubens,Vertiente del Atlantico,Vertiente del Atlantico,12,12,Magallanes y de la Antártica Chilena,124,124,Última Esperanza,12401,12401,Natales
611,12,12620000-5,PENITENTE ALTO,Vigentes,316845,4212189,126,1262,12620,Rio Penitente en junta con Rio del Medio,Vertiente del Atlantico,Rio Penitente,12,12,Magallanes y de la Antártica Chilena,124,124,Última Esperanza,12401,12401,Natales
612,12,12403000-5,SENO OBSTRUCCIÓN,Vigentes,672373,4212584,124,1240,12403,Costeras entre Rio Golondrina y Rio Blanco,"Costeras e Islas entre R Hollemberg, Golfo Alte. Laguna Blanca",Costeras del Golfo Almirante Montt y Fiordo Obstruccion,12,12,Magallanes y de la Antártica Chilena,124,124,Última Esperanza,12401,12401,Natales
613,11,11546001-3,CALETA TORTEL,Vigentes,609950,4705413,115,1154,11549,Rio Baker entre Rio del Paso y desembocadura,Rio Baker,R. Baker entre arriba R. de La Colonia y Desembocadura,11,11,Aysén del General Carlos Ibáñez del Campo,113,113,Capitán Prat,11303,11303,Tortel
614,11,11800000-5,FIORDO JORGE MONTT,Vigentes,614337,4654259,118,1180,11800,Costeras del Canal Baker,Costeras entre R. Pascua Limite Region. Archipielago Guayeco,Costeras entre Rio Pascua y Limite Region,11,11,Aysén del General Carlos Ibáñez del Campo,113,113,Capitán Prat,11303,11303,Tortel
615,11,11180000-6,ISLAS HUICHAS,Vigentes,616572,4998719,111,1118,11180,Isla Ester,Costeras e Islas entre R.Palena y R.Aisen,Islas al Este Canal Moraleda,11,11,Aysén del General Carlos Ibáñez del Campo,112,112,Aysén,11201,11201,Aysén
616,11,11342001-4,RIO AYSEN EN PUERTO AYSEN,Vigentes,685996,4969032,113,1134,11342,Rio Aisen entre Rio Riesco y desembocadura,Rio Aisen,Rio Aisen entre Rio Riesco y Desembocadura,11,11,Aysén del General Carlos Ibáñez del Campo,112,112,Aysén,11201,11201,Aysén
617,11,11400001-9,PUERTO CHACABUCO,Vigentes,670752,4963378,114,1140,11400,Costeras del fiordo Aisen hasta Punta Angosta,Costeras e Islas entre R Aisen y R Baker y Canal Gral. Martinez,Costeras entre R.  Aisen y R.  Huemules (incl.),11,11,Aysén del General Carlos Ibáñez del Campo,112,112,Aysén,11201,11201,Aysén
618,11,11318002-1,EL BALSEO,Vigentes,697342,4968711,113,1131,11318,Rio Simpson Entre Rio Correntoso y Rio Aisen,Rio Aisen,Rio Simpson,11,11,Aysén del General Carlos Ibáñez del Campo,112,112,Aysén,11201,11201,Aysén
619,11,11440000-9,LAGUNA SAN RAFAEL,Vigentes,587439,4833737,114,1144,11440,Costeras Entre Rio Exploradores y Ventisquero San  Rafael,Costeras e Islas entre R Aisen y R Baker y Canal Gral. Martinez,Costera y Ventisqueros entre R.  Exploradores y Vent. Benito,11,11,Aysén del General Carlos Ibáñez del Campo,112,112,Aysén,11201,11201,Aysén
620,11,11440001-7,HIELO NORTE EN GLACIAR SAN RAFAEL,Vigentes,607514,4826619,114,1144,11440,Costeras Entre Rio Exploradores y Ventisquero San  Rafael,Costeras e Islas entre R Aisen y R Baker y Canal Gral. Martinez,Costera y Ventisqueros entre R.  Exploradores y Vent. Benito,11,11,Aysén del General Carlos Ibáñez del Campo,112,112,Aysén,11201,11201,Aysén
621,12,12878002-5,BAHIA YENDEGAIA,Vigentes,520370,3918198,128,1285,12850,Costeras Canal Beagle (Seno Ventisquero-Frontera),Tierra del Fuego,Costeras Canal Beagle (entre Seno Ventisquero y Frontera),12,12,Magallanes y de la Antártica Chilena,122,122,Antártica Chilena,12201,12201,Cabo de Hornos
622,12,12930001-9,RIO ROBALO EN PUERTO WILLIAMS,Vigentes,587093,3910090,129,1293,12930,Islas Navarino y Gable,Islas al sur del Canal Beagle y Territorio Antartico,Islas Navarino y Gable,12,12,Magallanes y de la Antártica Chilena,122,122,Antártica Chilena,12201,12201,Cabo de Hornos
623,12,12930002-7,LAGO NAVARINO,Vigentes,608630,3897541,129,1293,12930,Islas Navarino y Gable,Islas al sur del Canal Beagle y Territorio Antartico,Islas Navarino y Gable,12,12,Magallanes y de la Antártica Chilena,122,122,Antártica Chilena,12201,12201,Cabo de Hornos
624,12,12930003-5,ROBALO ALTO,Vigentes,584844,3906837,129,1293,12930,Islas Navarino y Gable,Islas al sur del Canal Beagle y Territorio Antartico,Islas Navarino y Gable,12,12,Magallanes y de la Antártica Chilena,122,122,Antártica Chilena,12201,12201,Cabo de Hornos
625,12,12930004-3,PUERTO NAVARINO,Vigentes,543349,3913150,129,1293,12930,Islas Navarino y Gable,Islas al sur del Canal Beagle y Territorio Antartico,Islas Navarino y Gable,12,12,Magallanes y de la Antártica Chilena,122,122,Antártica Chilena,12201,12201,Cabo de Hornos
626,12,12930005-1,PUERTO TORO,Vigentes,622832,3894234,129,1293,12930,Islas Navarino y Gable,Islas al sur del Canal Beagle y Territorio Antartico,Islas Navarino y Gable,12,12,Magallanes y de la Antártica Chilena,122,122,Antártica Chilena,12201,12201,Cabo de Hornos
627,10,10902002-8,QUELLON,Vigentes,612319,5225689,109,1090,10902,Costeras Vertientes este Entre Punta Ahoni y Punta Yatac,Islas Chiloe y Circundantes,Isla Chiloe,10,10,Los Lagos,102,102,Chiloé,10208,10208,Quellón
628,10,10610001-2,HORNOPIREN,Vigentes,712649,5353805,106,1061,10610,Costeras Entre Punta Tentelhue y Rio Negro (Incluido),Costeras entre R.Puelo y R.Yelcho,Costeras Entre Pta Tentelhue y Rio Negro (incl.),10,10,Los Lagos,104,104,Palena,10403,10403,Hualaihué
629,10,10683003-7,CHAITÉN METEOROLÓGICA,Vigentes,686888,5245532,106,1068,10683,Rio Chaiten,Costeras entre R.Puelo y R.Yelcho,Costeras Entre R. Negro (incl.) y R. Yelcho,10,10,Los Lagos,104,104,Palena,10401,10401,Chaitén
630,10,10710001-6,PUERTO. CARDENAS,Vigentes,708368,5216609,107,1071,10710,Lago Yelcho,Rio Yelcho,Rio Yelcho,10,10,Los Lagos,104,104,Palena,10401,10401,Chaitén
631,10,11023001-K,VALLE RIO FRIO,Vigentes,714631,5179609,110,1102,11023,Rio Frio,Rio Palena y Costeras Limite Decima Region,Rio Palena entre Frontera y Rio Rosselot,10,10,Los Lagos,104,104,Palena,10401,10401,Chaitén
632,10,11023002-8,VILLA SANTA LUCIA,Vigentes,713315,5190159,110,1102,11023,Rio Frio,Rio Palena y Costeras Limite Decima Region,Rio Palena entre Frontera y Rio Rosselot,10,10,Los Lagos,104,104,Palena,10401,10401,Chaitén
633,10,10900002-7,ANCUD 2 (DOH),Vigentes,599873,5362857,109,1090,10903,Costeras Vertientes Norte Entre Punta Quetrelquen y Rio Chepu,Islas Chiloe y Circundantes,Isla Chiloe,10,10,Los Lagos,102,102,Chiloé,10202,10202,Ancud
634,10,10903003-1,ANCUD 1 (DGA),Vigentes,597708,5364670,109,1090,10903,Costeras Vertientes Norte Entre Punta Quetrelquen y Rio Chepu,Islas Chiloe y Circundantes,Isla Chiloe,10,10,Los Lagos,102,102,Chiloé,10202,10202,Ancud
635,10,10904005-3,CHEPU,Vigentes,586061,5344762,109,1090,10904,Rio Chepu,Islas Chiloe y Circundantes,Isla Chiloe,10,10,Los Lagos,102,102,Chiloé,10202,10202,Ancud
636,10,10123004-K,LLANCAHUE,Vigentes,655797,5586609,101,1014,10140,Rio Angachillas,Rio Valdivia,R. Valdivia Bajo,14,14,Los Ríos,141,141,Valdivia,14101,14101,Valdivia
637,10,10123006-6,VALDIVIA (U. AUSTRAL),Vigentes,650280,5589357,101,1014,10140,Rio Angachillas,Rio Valdivia,R. Valdivia Bajo,14,14,Los Ríos,141,141,Valdivia,14101,14101,Valdivia
638,1,01820001-5,IQUIQUE,Vigentes,381308,7764260,018,0182,01820,Pampas El Carmen y De La Union,Costeras Tilviche-Loa,Pampas El Carmen y De La Union,01,1,Tarapacá,011,11,Iquique,01101,1101,Iquique
639,10,10900001-9,QUEMCHI,Vigentes,624724,5331715,109,1090,10900,Costeras Vertiente este Entre Punta Quetrelquen y Estero San Juan (Incluido),Islas Chiloe y Circundantes,Isla Chiloe,10,10,Los Lagos,102,102,Chiloé,10209,10209,Quemchi
640,12,12816001-9,CAMERON,Vigentes,457359,4056358,128,1281,12817,Costeras entre Rio Bautista y Rio Green,Tierra del Fuego,Costeras Bahia Inutil (entre Cabo Monmouth y Cabo Nose),12,12,Magallanes y de la Antártica Chilena,123,123,Tierra del Fuego,12303,12303,Timaukel
641,12,12873001-K,RUSSFIN,Vigentes,487316,4043151,128,1287,12873,Rio Grande Hasta confluencia con Rio Rusphen (Incluido),Tierra del Fuego,Afluentes Rio Grande y Cuencas Cerradas,12,12,Magallanes y de la Antártica Chilena,123,123,Tierra del Fuego,12303,12303,Timaukel
642,12,12820001-0,RIO CALETA EN TIERRA DEL FUEGO,Vigentes,423266,4036179,128,1282,12820,Costeras ente cabo Nose y Rio Condor,Tierra del Fuego,Costeras entre Cabo Nose y R. Azopardo (incl.),12,12,Magallanes y de la Antártica Chilena,123,123,Tierra del Fuego,12303,12303,Timaukel
643,12,12820002-9,PUERTO YARTOU,Vigentes,425013,4028515,128,1282,12820,Costeras ente cabo Nose y Rio Condor,Tierra del Fuego,Costeras entre Cabo Nose y R. Azopardo (incl.),12,12,Magallanes y de la Antártica Chilena,123,123,Tierra del Fuego,12303,12303,Timaukel
644,12,12876001-6,RIO GRANDE EN TIERRA DEL FUEGO,Vigentes,507762,4028449,128,1287,12876,Rios Cochrane y Grande hasta frontera,Tierra del Fuego,Afluentes Rio Grande y Cuencas Cerradas,12,12,Magallanes y de la Antártica Chilena,123,123,Tierra del Fuego,12303,12303,Timaukel
645,12,12876003-2,PAMPA HUANACO,Vigentes,512883,4010794,128,1287,12876,Rios Cochrane y Grande hasta frontera,Tierra del Fuego,Afluentes Rio Grande y Cuencas Cerradas,12,12,Magallanes y de la Antártica Chilena,123,123,Tierra del Fuego,12303,12303,Timaukel
646,12,12875000-2,LAGO BLANCO,Vigentes,502737,4010579,128,1287,12875,Lago Blanco y Rio Blanco,Tierra del Fuego,Afluentes Rio Grande y Cuencas Cerradas,12,12,Magallanes y de la Antártica Chilena,123,123,Tierra del Fuego,12303,12303,Timaukel
647,12,12821000-8,RIO CONDOR,Vigentes,429325,4016213,128,1282,12822,Costeras entre Rio Condor y Rio Paralelo,Tierra del Fuego,Costeras entre Cabo Nose y R. Azopardo (incl.),12,12,Magallanes y de la Antártica Chilena,123,123,Tierra del Fuego,12303,12303,Timaukel
648,12,12879000-4,LAGO DESEADO,Vigentes,511336,3978576,128,1287,12879,Lago Deseado y afluentes Rio de la Turba o Menende,Tierra del Fuego,Afluentes Rio Grande y Cuencas Cerradas,12,12,Magallanes y de la Antártica Chilena,123,123,Tierra del Fuego,12303,12303,Timaukel
649,12,12825002-6,RIO AZOPARDO EN DESEMBOCADURA,Vigentes,511283,3960525,128,1282,12825,Rio Azopardo (L. Faguano o Cami) desde Frontera,Tierra del Fuego,Costeras entre Cabo Nose y R. Azopardo (incl.),12,12,Magallanes y de la Antártica Chilena,123,123,Tierra del Fuego,12303,12303,Timaukel
650,12,12825003-4,RIO BETBEDER EN DESEMBOCADURA,Vigentes,511924,3953912,128,1282,12825,Rio Azopardo (L. Faguano o Cami) desde Frontera,Tierra del Fuego,Costeras entre Cabo Nose y R. Azopardo (incl.),12,12,Magallanes y de la Antártica Chilena,123,123,Tierra del Fuego,12303,12303,Timaukel
651,10,10134002-3,SAN JOSE MARIQUINA,Vigentes,680336,5619367,101,1013,10134,Rio Cruces Entre Rio Leufucade y Bajo Estero Queuchico,Rio Valdivia,Rio Cruces,14,14,Los Ríos,141,141,Valdivia,14106,14106,Mariquina
652,5,05120004-7,LAS COLMENAS,Vigentes,287352,6422921,051,0512,05120,Rio Petorca Entre Estero Las Palmas y Desembocadura,Rio Petorca,Rio Petorca Bajo (Entre Las Palmas y Desembocadura),05,5,Valparaíso,054,54,Petorca,05401,5401,La Ligua
653,5,05120006-3,LONGOTOMA,Vigentes,276914,6413513,051,0512,05120,Rio Petorca Entre Estero Las Palmas y Desembocadura,Rio Petorca,Rio Petorca Bajo (Entre Las Palmas y Desembocadura),05,5,Valparaíso,054,54,Petorca,05401,5401,La Ligua
654,5,05220007-5,LAS PATAGUAS,Vigentes,299478,6397989,052,0522,05220,Rio Ligua Entre Estero Los Angeles y Bajo Estero La Patagua,Rio Ligua,Rio Ligua Bajo (Entre Estero Los Angeles y Desembocadura),05,5,Valparaíso,054,54,Petorca,05401,5401,La Ligua
655,5,05221005-4,VALLE HERMOSO,Vigentes,293271,6408274,052,0522,05221,Rio Ligua Entre Estero La Patagua y Desembocadura,Rio Ligua,Rio Ligua Bajo (Entre Estero Los Angeles y Desembocadura),05,5,Valparaíso,054,54,Petorca,05401,5401,La Ligua
656,10,10417001-3,MAULLIN,Vigentes,616393,5391547,104,1041,10417,Rio Maullin entre Rio Del Cebadal y Desembocadura,Cuencas e Islas entre R.Bueno y R. Puelo,Rio Maullin,10,10,Los Lagos,101,101,Llanquihue,10108,10108,Maullín
657,5,05426004-0,QUILLOTA,Vigentes,293618,6358074,054,0542,05426,Rio Aconcagua Entre Quebrada El Ajo y Estero Limache,Rio Aconcagua,Aconcagua Bajo,05,5,Valparaíso,055,55,Quillota,05501,5501,Quillota
658,5,05427006-2,LLIU-LLIU EMBALSE,Vigentes,293336,6335621,054,0542,05427,Estero Limache,Rio Aconcagua,Aconcagua Bajo,05,5,Valparaíso,058,58,Marga Marga,05802,5802,Limache
659,5,05427007-0,LOS AROMOS,Vigentes,280800,6350896,054,0542,05427,Estero Limache,Rio Aconcagua,Aconcagua Bajo,05,5,Valparaíso,058,58,Marga Marga,05802,5802,Limache
660,13,05800002-7,FUNDO LAS DOS PUERTAS,Vigentes,253643,6250021,058,0580,05800,Estero Yali,Costeras entre  Maipo y Rapel,Estero Yali,05,5,Valparaíso,056,56,San Antonio,05606,5606,Santo Domingo
661,13,05717008-5,EL VERGEL,Vigentes,321707,6269904,057,0571,05717,Rio Maipo Entre Estero Angostura y Rio Mapocho,Rio Maipo,Rio Maipo Medio,13,13,Metropolitana de Santiago,136,136,Talagante,13601,13601,Talagante
662,10,10133000-1,RIO LEUFUCADE EN PURULON,Vigentes,698609,5627619,101,1013,10133,Rio Leufucade entre Rio Antilhue y Rio Cruces,Rio Valdivia,Rio Cruces,14,14,Los Ríos,141,141,Valdivia,14103,14103,Lanco
663,10,10137002-K,HUICHACO,Vigentes,693901,5601340,101,1013,10137,Rio I¤aque Entre Rio Pillecozcoz y Rio Mafil,Rio Valdivia,Rio Cruces,14,14,Los Ríos,141,141,Valdivia,14105,14105,Máfil
664,10,10122003-6,RIO CALLE CALLE EN PUPUNAHUE,Vigentes,679340,5591387,101,1012,10122,Rio Calle Calle Entre Junta Rio San Pedro y Rio Quinchilca Bajo Rio Cuicuileufu,Rio Valdivia,Rio Calle Calle,14,14,Los Ríos,141,141,Valdivia,14105,14105,Máfil
665,10,10113003-7,RIO SAN PEDRO EN PUCONO,Vigentes,706495,5596181,101,1011,10113,Rio San Pedro Entre Rio Ma¤io y Rio Quinchilca,Rio Valdivia,R. San Pedro (Entre desague L. Panguipulli y Bajo R. Quinchilca),14,14,Los Ríos,141,141,Valdivia,14104,14104,Los Lagos
666,10,10305002-2,CAUNAHUE,Vigentes,733982,5550880,103,1030,10305,Rio Caunahue,Rio Bueno,Afluentes Lago Ranco,14,14,Los Ríos,142,142,Ranco,14202,14202,Futrono
667,10,10304001-9,RIO CALCURRUPE EN DESEMBOCADURA,Vigentes,733081,5543000,103,1030,10304,Lago Maihue y Rio Calcurrupe,Rio Bueno,Afluentes Lago Ranco,14,14,Los Ríos,142,142,Ranco,14202,14202,Futrono
668,10,10304002-7,LAGO MAIHUE,Vigentes,742815,5544126,103,1030,10304,Lago Maihue y Rio Calcurrupe,Rio Bueno,Afluentes Lago Ranco,14,14,Los Ríos,142,142,Ranco,14202,14202,Futrono
669,10,10312001-2,EL LLOLLY,Vigentes,703236,5561984,103,1031,10312,Rio Llollehue Hasta Estero Cu¤o Cu¤o,Rio Bueno,Rio Bueno entre Lago Ranco y Rio Pilmaiquen,14,14,Los Ríos,141,141,Valdivia,14107,14107,Paillaco
670,10,10307001-5,LAGO RANCO,Vigentes,715049,5533882,103,1030,10307,Lago Ranco,Rio Bueno,Afluentes Lago Ranco,14,14,Los Ríos,142,142,Ranco,14203,14203,Lago Ranco
671,10,10328001-K,RIO PILMAIQUEN EN SAN PABLO,Vigentes,669930,5527763,103,1032,10328,Rio Pilmaiquen entre Rio Chirri y Rio Bueno,Rio Bueno,Rio Pilmaiquen,14,14,Los Ríos,142,142,Ranco,14204,14204,Río Bueno
672,10,10322002-5,ANTICURA,Vigentes,738047,5495618,103,1032,10322,Rio Golgol entre Rio Pajarito y Lago Puyehue,Rio Bueno,Rio Pilmaiquen,14,14,Los Ríos,142,142,Ranco,14204,14204,Río Bueno
673,10,10371001-4,TRINIDAD,Vigentes,633124,5536117,103,1037,10370,Rio Bueno entre Rio Rahue y Laguna de La Trinidad,Rio Bueno,R.  Bueno Bajo,10,10,Los Lagos,103,103,Osorno,10307,10307,San Pablo
674,10,10360002-2,ADOLFO MATTHEI,Vigentes,659747,5504992,103,1036,10362,Rio Damas Entre Estero Pichidamas y Rio Rahue,Rio Bueno,R. Rahue Bajo,10,10,Los Lagos,103,103,Osorno,10301,10301,Osorno
675,10,10362004-K,PRUEBA GPRS8,Vigentes,657225,5506530,103,1036,10360,Rio Rahue Entre Estero Negro y Rio Damas,Rio Bueno,R. Rahue Bajo,10,10,Los Lagos,103,103,Osorno,10301,10301,Osorno
676,10,10323002-0,FUTACUHUIN,Vigentes,716764,5487950,103,1032,10323,Lago Puyehue,Rio Bueno,Rio Pilmaiquen,10,10,Los Lagos,103,103,Osorno,10304,10304,Puyehue
677,10,10340002-3,RUPANCO,Vigentes,696046,5484414,103,1034,10340,Lago Rupanco,Rio Bueno,Rio Rahue hasta antes junta Rio Negro,10,10,Los Lagos,103,103,Osorno,10304,10304,Puyehue
678,10,10356001-2,RIO NEGRO EN CHAHUILCO,Vigentes,650225,5491195,103,1035,10356,Rio Negro entre Rio Chifin y Rio Rahue,Rio Bueno,Rio Negro,10,10,Los Lagos,103,103,Osorno,10305,10305,Río Negro
679,10,10344003-3,RIO RAHUE ANTES JUNTA RIO NEGRO,Vigentes,653829,5500247,103,1034,10344,Rio Rahue entre Rio Coihueco y Rio Negro,Rio Bueno,Rio Rahue hasta antes junta Rio Negro,10,10,Los Lagos,103,103,Osorno,10305,10305,Río Negro
680,10,10340001-5,RIO RAHUE EN DESAGUE LAGO RUPANCO,Vigentes,694824,5482222,103,1034,10340,Lago Rupanco,Rio Bueno,Rio Rahue hasta antes junta Rio Negro,10,10,Los Lagos,103,103,Osorno,10302,10302,Puerto Octay
681,10,10410015-5,CASCADA,Vigentes,698868,5449798,104,1041,10410,Lago Llanquihue y afluentes,Cuencas e Islas entre R.Bueno y R. Puelo,Rio Maullin,10,10,Los Lagos,103,103,Osorno,10302,10302,Puerto Octay
682,10,10451000-0,MONTE TRONADOR EN CASA PANGUE,Vigentes,258284,5448799,104,1045,10451,Rio Peulla,Cuencas e Islas entre R.Bueno y R. Puelo,Rio Petrohue,10,10,Los Lagos,101,101,Llanquihue,10109,10109,Puerto Varas
683,10,10355001-7,PURRANQUE,Vigentes,657226,5469403,103,1035,10355,Rio Chifin,Rio Bueno,Rio Negro,10,10,Los Lagos,103,103,Osorno,10303,10303,Purranque
684,10,10355003-3,RIO FORRAHUE EN RIO NEGRO,Vigentes,635634,5453992,103,1035,10351,Rio Toro (Maipue) entre Rio Norte y Rio Lopez,Rio Bueno,Rio Negro,10,10,Los Lagos,101,101,Llanquihue,10105,10105,Frutillar
685,10,10410004-K,FRUTILLAR,Vigentes,662536,5444924,104,1041,10412,Rio Calabozo,Cuencas e Islas entre R.Bueno y R. Puelo,Rio Maullin,10,10,Los Lagos,101,101,Llanquihue,10105,10105,Frutillar
686,10,10523001-K,PUELO,Vigentes,724729,5384637,105,1052,10523,Rio Puelo Entre Desague Laguna Tagua Tagua y Desembocadura,Rio Puelo,R. Puelo Bajo,10,10,Los Lagos,101,101,Llanquihue,10103,10103,Cochamó
687,10,10520001-3,RIO PUELO EN DESAGUE LAGO TAGUA TAGUA,Vigentes,735510,5385881,105,1052,10520,Rio Puelo Entre Rio Manso y Desague Laguna Tagua Tagua,Rio Puelo,R. Puelo Bajo,10,10,Los Lagos,101,101,Llanquihue,10103,10103,Cochamó
688,10,10512000-1,LLANADA GRANDE,Vigentes,256053,5360475,105,1051,10512,Rio Puelo entre Arroyo Ventisquero y bajo Rio Negro,Rio Puelo,R. Puelo Alto,10,10,Los Lagos,101,101,Llanquihue,10103,10103,Cochamó
689,10,10701001-7,LAGO ESPOLON,Vigentes,260388,5211017,107,1070,10701,Lago Espolon y Rio Espolon en junta Rio Futaleufu,Rio Yelcho,Rio Futaleufu,10,10,Los Lagos,104,104,Palena,10402,10402,Futaleufú
690,11,11536004-3,RIO BAKER EN ANGOSTURA CHACABUCO,Vigentes,672453,4776618,115,1153,11533,Rio Baker Entre Desague Lago Bertrand y Rio Chacabuco,Rio Baker,R. Baker entre Desague L. J. M. Carrera y R. de La Colonia,11,11,Aysén del General Carlos Ibáñez del Campo,113,113,Capitán Prat,11301,11301,Cochrane
691,11,11533001-2,ESTANCIA VALLE CHACABUCO,Vigentes,690111,4778603,115,1153,11535,Rio Chacabuco Entre Rio Pedregoso y Estero Baker,Rio Baker,R. Baker entre Desague L. J. M. Carrera y R. de La Colonia,11,11,Aysén del General Carlos Ibáñez del Campo,113,113,Capitán Prat,11301,11301,Cochrane
692,11,11532000-9,RIO NEF ANTES JUNTA ESTERO EL REVALSE,Vigentes,644834,4777293,115,1153,11532,Rio Nef,Rio Baker,R. Baker entre Desague L. J. M. Carrera y R. de La Colonia,11,11,Aysén del General Carlos Ibáñez del Campo,113,113,Capitán Prat,11301,11301,Cochrane
693,11,11540000-2,LAGO CACHET 2 EN GLACIAR COLONIA,Vigentes,632556,4771240,115,1154,11540,Ventisquero de la Colonia y Arenales,Rio Baker,R. Baker entre arriba R. de La Colonia y Desembocadura,11,11,Aysén del General Carlos Ibáñez del Campo,113,113,Capitán Prat,11301,11301,Cochrane
694,11,11536001-9,RIO COCHRANE EN COCHRANE,Vigentes,684284,4763998,115,1153,11536,Lago y Rio Cochrane,Rio Baker,R. Baker entre Desague L. J. M. Carrera y R. de La Colonia,11,11,Aysén del General Carlos Ibáñez del Campo,113,113,Capitán Prat,11301,11301,Cochrane
695,11,11541000-8,RIO COLONIA EN NACIMIENTO,Vigentes,642187,4754964,115,1154,11541,Lago y Rio de la Colonia,Rio Baker,R. Baker entre arriba R. de La Colonia y Desembocadura,11,11,Aysén del General Carlos Ibáñez del Campo,113,113,Capitán Prat,11301,11301,Cochrane
696,11,11711000-1,RIO PASCUA ANTE JUNTA RIO QUETRU,Vigentes,642161,4664248,117,1171,11712,Rio Pascua entre arriba Rio Quetru y Rio Borquez,Rio Pascua,Rio Pascua,11,11,Aysén del General Carlos Ibáñez del Campo,113,113,Capitán Prat,11302,11302,O'Higgins
697,11,11702000-2,LAGO O´HIGGINS EN VILLA O´HIGGINS,Vigentes,680317,4628439,117,1170,11701,Rio Mayer entre frontera y Lago O'Higgins,Rio Pascua,Lago O'Higgins,11,11,Aysén del General Carlos Ibáñez del Campo,113,113,Capitán Prat,11302,11302,O'Higgins
698,11,11706000-4,GLACIAR O'HIGGINS EN PUNTA NAHUELCAR,Vigentes,636552,4578583,117,1170,11706,Costeras Occidentales Entre Lago Chico y Rio Turbio (Ventisquero O'Higgins),Rio Pascua,Lago O'Higgins,11,11,Aysén del General Carlos Ibáñez del Campo,113,113,Capitán Prat,11302,11302,O'Higgins
699,11,11704001-1,CANDELARIO MANCILLA,Vigentes,665735,4583697,117,1170,11705,Costeras sur entre frontera y Lago Chico,Rio Pascua,Lago O'Higgins,11,11,Aysén del General Carlos Ibáñez del Campo,113,113,Capitán Prat,11302,11302,O'Higgins
700,12,12280006-7,LAGO PAINE,Vigentes,652661,4365859,122,1228,12283,Rio de las Chinas en junta Rio Baguales,Costeras entre Seno Andrew y R. Hollemberg e islas al oriente,Rio Serrano,12,12,Magallanes y de la Antártica Chilena,124,124,Última Esperanza,12402,12402,Torres del Paine
701,12,12283001-2,CERRO GUIDO,Vigentes,678752,4353651,122,1228,12283,Rio de las Chinas en junta Rio Baguales,Costeras entre Seno Andrew y R. Hollemberg e islas al oriente,Rio Serrano,12,12,Magallanes y de la Antártica Chilena,124,124,Última Esperanza,12402,12402,Torres del Paine
702,12,12280002-4,RIO PAINE EN PARQUE NACIONAL 2,Vigentes,655052,4351933,122,1228,12280,Rio Paine en desembocadura Lago Nordenskjold,Costeras entre Seno Andrew y R. Hollemberg e islas al oriente,Rio Serrano,12,12,Magallanes y de la Antártica Chilena,124,124,Última Esperanza,12402,12402,Torres del Paine
703,12,12280004-0,LAGO DICKSON,Vigentes,632950,4368069,122,1228,12280,Rio Paine en desembocadura Lago Nordenskjold,Costeras entre Seno Andrew y R. Hollemberg e islas al oriente,Rio Serrano,12,12,Magallanes y de la Antártica Chilena,124,124,Última Esperanza,12402,12402,Torres del Paine
704,12,12287002-2,LAGO GREY,Vigentes,632134,4336027,122,1228,12287,Rio de Grey,Costeras entre Seno Andrew y R. Hollemberg e islas al oriente,Rio Serrano,12,12,Magallanes y de la Antártica Chilena,124,124,Última Esperanza,12402,12402,Torres del Paine
705,12,12288000-1,GLACIAR TYNDALL EN CAMPAMENTO ZAPATA,Vigentes,620217,4335774,122,1228,12287,Rio de Grey,Costeras entre Seno Andrew y R. Hollemberg e islas al oriente,Rio Serrano,12,12,Magallanes y de la Antártica Chilena,124,124,Última Esperanza,12402,12402,Torres del Paine
706,12,12283003-9,LAGO PEHOE,Vigentes,633609,4340232,122,1228,12282,Lagos Nordenkjold y Pehoe y Rio Paine en Desembocadura,Costeras entre Seno Andrew y R. Hollemberg e islas al oriente,Rio Serrano,12,12,Magallanes y de la Antártica Chilena,124,124,Última Esperanza,12402,12402,Torres del Paine
707,12,12284009-3,LAGO SARMIENTO,Vigentes,647801,4342922,122,1228,12281,Lago Sarmiento,Costeras entre Seno Andrew y R. Hollemberg e islas al oriente,Rio Serrano,12,12,Magallanes y de la Antártica Chilena,124,124,Última Esperanza,12402,12402,Torres del Paine
708,12,12284006-9,RIO LAS CHINAS EN CERRO GUIDO,Vigentes,674997,4345330,122,1228,12284,Rio  de  las  Chinas Entre Antes Junta con Rio Baguales y Lago del Toro,Costeras entre Seno Andrew y R. Hollemberg e islas al oriente,Rio Serrano,12,12,Magallanes y de la Antártica Chilena,124,124,Última Esperanza,12402,12402,Torres del Paine
709,12,12284010-7,CERRO CASTILLO,Vigentes,685264,4318394,122,1228,12284,Rio  de  las  Chinas Entre Antes Junta con Rio Baguales y Lago del Toro,Costeras entre Seno Andrew y R. Hollemberg e islas al oriente,Rio Serrano,12,12,Magallanes y de la Antártica Chilena,124,124,Última Esperanza,12402,12402,Torres del Paine
710,12,12288001-K,CAMPO DE HIELO SUR EN LOBULO ZAPATA,Vigentes,617844,4335768,122,1228,12288,Lago y Rio Tindalt,Costeras entre Seno Andrew y R. Hollemberg e islas al oriente,Rio Serrano,12,12,Magallanes y de la Antártica Chilena,124,124,Última Esperanza,12402,12402,Torres del Paine
711,12,12288003-6,RIO TINDALL EN DESEMBOCADURA,Vigentes,628434,4319583,122,1228,12288,Lago y Rio Tindalt,Costeras entre Seno Andrew y R. Hollemberg e islas al oriente,Rio Serrano,12,12,Magallanes y de la Antártica Chilena,124,124,Última Esperanza,12402,12402,Torres del Paine
712,12,12286001-9,TORRES DEL PAINE,Vigentes,643037,4328761,122,1228,12286,Lago del Toro,Costeras entre Seno Andrew y R. Hollemberg e islas al oriente,Rio Serrano,12,12,Magallanes y de la Antártica Chilena,124,124,Última Esperanza,12402,12402,Torres del Paine
713,12,12286002-7,RIO RINCON EN RUTA Y-290,Vigentes,651149,4312887,122,1228,12286,Lago del Toro,Costeras entre Seno Andrew y R. Hollemberg e islas al oriente,Rio Serrano,12,12,Magallanes y de la Antártica Chilena,124,124,Última Esperanza,12402,12402,Torres del Paine
714,13,05711003-1,PIRQUE,Vigentes,352897,6272884,057,0571,05711,Rio Clarillo,Rio Maipo,Rio Maipo Medio,13,13,Metropolitana de Santiago,132,132,Cordillera,13202,13202,Pirque
715,6,06034003-K,CONVENTO VIEJO,Vigentes,304787,6150444,060,0603,06034,Estero Chimbarongo Entre Arriba Embalse Convento Viejo y Rio Tinguiririca,Rio Rapel,Tinguiririca Bajo,06,6,Libertador General Bernardo O'Higgins,063,63,Colchagua,06302,6302,Chépica
716,6,06036001-4,LA CANDELARIA,Vigentes,279085,6148617,060,0603,06036,Estero Calleuque (de las Toscas) Hasta Bajo Junta Esteros Lima y del Zapal,Rio Rapel,Tinguiririca Bajo,06,6,Libertador General Bernardo O'Higgins,063,63,Colchagua,06302,6302,Chépica
717,12,12586001-K,RIO LAS MINAS EN BT. SENDOS,Vigentes,367016,4110136,125,1258,12586,Costeras Entre Rio de los Ciervos (Incluido) y Rio Chabunco,"Costeras entre Lag.  Blanca(inc), Seno Otway, canal Jeronimo y Magallanes",Costeras e Islas Orientales de la Peninsula Brunswick,12,12,Magallanes y de la Antártica Chilena,121,121,Magallanes,12101,12101,Punta Arenas
718,12,12586004-4,PUNTA ARENAS,Vigentes,373715,4111604,125,1258,12586,Costeras Entre Rio de los Ciervos (Incluido) y Rio Chabunco,"Costeras entre Lag.  Blanca(inc), Seno Otway, canal Jeronimo y Magallanes",Costeras e Islas Orientales de la Peninsula Brunswick,12,12,Magallanes y de la Antártica Chilena,121,121,Magallanes,12101,12101,Punta Arenas
719,12,12586005-2,LAGUNA LYNCH,Vigentes,366252,4106644,125,1258,12586,Costeras Entre Rio de los Ciervos (Incluido) y Rio Chabunco,"Costeras entre Lag.  Blanca(inc), Seno Otway, canal Jeronimo y Magallanes",Costeras e Islas Orientales de la Peninsula Brunswick,12,12,Magallanes y de la Antártica Chilena,121,121,Magallanes,12101,12101,Punta Arenas
720,12,12586006-0,CERRO MIRADOR,Vigentes,365951,4109610,125,1258,12586,Costeras Entre Rio de los Ciervos (Incluido) y Rio Chabunco,"Costeras entre Lag.  Blanca(inc), Seno Otway, canal Jeronimo y Magallanes",Costeras e Islas Orientales de la Peninsula Brunswick,12,12,Magallanes y de la Antártica Chilena,121,121,Magallanes,12101,12101,Punta Arenas
721,12,12586007-9,LAS MINAS,Vigentes,367306,4109810,125,1258,12586,Costeras Entre Rio de los Ciervos (Incluido) y Rio Chabunco,"Costeras entre Lag.  Blanca(inc), Seno Otway, canal Jeronimo y Magallanes",Costeras e Islas Orientales de la Peninsula Brunswick,12,12,Magallanes y de la Antártica Chilena,121,121,Magallanes,12101,12101,Punta Arenas
722,12,12586009-5,CANAL DE TRASVASE ESTERO LLAU-LLAU,Vigentes,370393,4112123,125,1258,12586,Costeras Entre Rio de los Ciervos (Incluido) y Rio Chabunco,"Costeras entre Lag.  Blanca(inc), Seno Otway, canal Jeronimo y Magallanes",Costeras e Islas Orientales de la Peninsula Brunswick,12,12,Magallanes y de la Antártica Chilena,121,121,Magallanes,12101,12101,Punta Arenas
723,12,12586010-9,MAGDALENA GIGLIO 2,Vigentes,362466,4110086,125,1258,12586,Costeras Entre Rio de los Ciervos (Incluido) y Rio Chabunco,"Costeras entre Lag.  Blanca(inc), Seno Otway, canal Jeronimo y Magallanes",Costeras e Islas Orientales de la Peninsula Brunswick,12,12,Magallanes y de la Antártica Chilena,121,121,Magallanes,12101,12101,Punta Arenas
724,12,12587000-7,BITSCH ALTO,Vigentes,367823,4117241,125,1258,12586,Costeras Entre Rio de los Ciervos (Incluido) y Rio Chabunco,"Costeras entre Lag.  Blanca(inc), Seno Otway, canal Jeronimo y Magallanes",Costeras e Islas Orientales de la Peninsula Brunswick,12,12,Magallanes y de la Antártica Chilena,121,121,Magallanes,12101,12101,Punta Arenas
725,12,12585003-0,LEÑADURA ALTA,Vigentes,358484,4099877,125,1258,12585,Costeras Entre Rio Agua Fresca y Rio de los Ciervos,"Costeras entre Lag.  Blanca(inc), Seno Otway, canal Jeronimo y Magallanes",Costeras e Islas Orientales de la Peninsula Brunswick,12,12,Magallanes y de la Antártica Chilena,121,121,Magallanes,12101,12101,Punta Arenas
726,12,12582001-8,RIO SAN JUAN EN DESEMBOCADURA,Vigentes,368284,4055951,125,1258,12582,Rio San Juan,"Costeras entre Lag.  Blanca(inc), Seno Otway, canal Jeronimo y Magallanes",Costeras e Islas Orientales de la Peninsula Brunswick,12,12,Magallanes y de la Antártica Chilena,121,121,Magallanes,12101,12101,Punta Arenas
727,12,12582002-6,SAN JUAN,Vigentes,371231,4054632,125,1258,12582,Rio San Juan,"Costeras entre Lag.  Blanca(inc), Seno Otway, canal Jeronimo y Magallanes",Costeras e Islas Orientales de la Peninsula Brunswick,12,12,Magallanes y de la Antártica Chilena,121,121,Magallanes,12101,12101,Punta Arenas
728,12,12582003-4,LAGO PARRILLAR,Vigentes,350315,4080609,125,1258,12582,Rio San Juan,"Costeras entre Lag.  Blanca(inc), Seno Otway, canal Jeronimo y Magallanes",Costeras e Islas Orientales de la Peninsula Brunswick,12,12,Magallanes y de la Antártica Chilena,121,121,Magallanes,12101,12101,Punta Arenas
729,12,12452001-0,RIO PEREZ EN DESEMBOCADURA,Vigentes,297964,4173392,124,1245,12452,Costeras Entre Rio Pinto y Rio Perez (Incluido),"Costeras e Islas entre R Hollemberg, Golfo Alte. Laguna Blanca",Costeras Continentales del Seno Skyring,12,12,Magallanes y de la Antártica Chilena,121,121,Magallanes,12103,12103,Río Verde
730,12,12452002-9,RIO PEREZ,Vigentes,299282,4173700,124,1245,12452,Costeras Entre Rio Pinto y Rio Perez (Incluido),"Costeras e Islas entre R Hollemberg, Golfo Alte. Laguna Blanca",Costeras Continentales del Seno Skyring,12,12,Magallanes y de la Antártica Chilena,121,121,Magallanes,12103,12103,Río Verde
731,12,12454001-1,RIO VERDE,Vigentes,333357,4163823,124,1245,12454,Costeras Entre Rio Chorrillo El Salto (Incluido) y Seno Otway (Canal Fitz Roy),"Costeras e Islas entre R Hollemberg, Golfo Alte. Laguna Blanca",Costeras Continentales del Seno Skyring,12,12,Magallanes y de la Antártica Chilena,121,121,Magallanes,12103,12103,Río Verde
732,12,12440001-5,ROCALLOSAS,Vigentes,298876,4161501,124,1244,12440,Costeras Seno Skyring Entre Canal Fitz Roy y Punta Adelaida,"Costeras e Islas entre R Hollemberg, Golfo Alte. Laguna Blanca",Isla Riesco,12,12,Magallanes y de la Antártica Chilena,121,121,Magallanes,12103,12103,Río Verde
733,12,12449001-4,ISLA RIESCO,Vigentes,328057,4139545,124,1244,12449,Costeras Entre Rio Grande y Canal Fitz Roy (Incluido),"Costeras e Islas entre R Hollemberg, Golfo Alte. Laguna Blanca",Isla Riesco,12,12,Magallanes y de la Antártica Chilena,121,121,Magallanes,12103,12103,Río Verde
734,12,12449002-2,CORDILLERA RIESCO,Vigentes,313831,4141546,124,1244,12449,Costeras Entre Rio Grande y Canal Fitz Roy (Incluido),"Costeras e Islas entre R Hollemberg, Golfo Alte. Laguna Blanca",Isla Riesco,12,12,Magallanes y de la Antártica Chilena,121,121,Magallanes,12103,12103,Río Verde
735,11,11043001-9,MARIN BALMACEDA,Vigentes,664718,5151061,110,1104,11043,Rio Palena Entre Rio Sin Nombre y Desembocadura,Rio Palena y Costeras Limite Decima Region,R. Palena Bajo,11,11,Aysén del General Carlos Ibáñez del Campo,112,112,Aysén,11202,11202,Cisnes
736,11,11041001-8,LA JUNTA,Vigentes,708417,5128970,110,1103,11035,Rio Rosselot Entre Desague Lago Rosselot y Rio Palena,Rio Palena y Costeras Limite Decima Region,Rio Rosselot,11,11,Aysén del General Carlos Ibáñez del Campo,112,112,Aysén,11202,11202,Cisnes
737,11,11034001-K,BORDALIT,Vigentes,715029,5119357,110,1103,11034,Lago Rosselot en desague,Rio Palena y Costeras Limite Decima Region,Rio Rosselot,11,11,Aysén del General Carlos Ibáñez del Campo,112,112,Aysén,11202,11202,Cisnes
738,11,11120001-7,PUERTO PUYUHUAPI,Vigentes,694948,5089298,111,1112,11120,Costeras entre Rio Marchant y Seno Ventisquero,Costeras e Islas entre R.Palena y R.Aisen,Costeras entre Rio Marchant y Seno Ventisquero,11,11,Aysén del General Carlos Ibáñez del Campo,112,112,Aysén,11202,11202,Cisnes
739,5,05610001-6,ISLA DE PASCUA (COLEGIO HONA A TE MANA),Vigentes,656941,6998882,056,0561,05610,Isla de Pascua,Islas del Pacifico,Isla de Pascua,05,5,Valparaíso,052,52,Isla De Pascua,05201,5201,Isla de Pascua
